Time,Real Potential Gross Domestic Product
1949Q1,2254.866716
1949Q2,2287.486427
1949Q3,2321.150343
1949Q4,2352.817952
1950Q1,2380.500009
1950Q2,2412.3619289999997
1950Q3,2443.517843
1950Q4,2475.398448
1951Q1,2507.3821120000002
1951Q2,2539.256844
1951Q3,2572.906986
1951Q4,2608.829348
1952Q1,2646.598763
1952Q2,2687.699101
1952Q3,2727.2368079999997
1952Q4,2764.659594
1953Q1,2797.683493
1953Q2,2826.6325899999997
1953Q3,2851.164791
1953Q4,2872.154175
1954Q1,2891.620491
1954Q2,2909.362011
1954Q3,2926.456505
1954Q4,2944.378518
1955Q1,2962.006966
1955Q2,2981.063839
1955Q3,2999.7648440000003
1955Q4,3019.152595
1956Q1,3038.588138
1956Q2,3057.44897
1956Q3,3077.140146
1956Q4,3098.206236
1957Q1,3121.456677
1957Q2,3146.925137
1957Q3,3173.969862
1957Q4,3202.258287
1958Q1,3230.455474
1958Q2,3259.1233
1958Q3,3287.990357
1958Q4,3318.540646
1959Q1,3350.148377
1959Q2,3383.809953
1959Q3,3419.804493
1959Q4,3456.278305
1960Q1,3493.325542
1960Q2,3529.3878299999997
1960Q3,3564.8860659999996
1960Q4,3599.087586
1961Q1,3632.6801729999997
1961Q2,3664.351592
1961Q3,3697.1458369999996
1961Q4,3730.888343
1962Q1,3767.2117380000004
1962Q2,3806.6163560000005
1962Q3,3848.40814
1962Q4,3891.361104
1963Q1,3934.3449450000003
1963Q2,3976.929057
1963Q3,4019.352631
1963Q4,4062.253653
1964Q1,4105.386214
1964Q2,4150.052763000001
1964Q3,4195.65874
1964Q4,4241.580675
1965Q1,4288.630997
1965Q2,4334.526483
1965Q3,4381.851524000001
1965Q4,4429.355723
1966Q1,4477.4009719999995
1966Q2,4525.750945000001
1966Q3,4574.953251
1966Q4,4624.43624
1967Q1,4675.704746
1967Q2,4728.572529
1967Q3,4782.648786
1967Q4,4838.050221
1968Q1,4893.538635
1968Q2,4948.25601
1968Q3,5003.474593999999
1968Q4,5058.945297
1969Q1,5112.73941
1969Q2,5164.659538
1969Q3,5213.1627
1969Q4,5260.569982
1970Q1,5305.9726009999995
1970Q2,5349.140050999999
1970Q3,5391.127403
1970Q4,5432.862072
1971Q1,5476.136717
1971Q2,5522.065266
1971Q3,5569.532624
1971Q4,5617.173967000001
1972Q1,5663.7076210000005
1972Q2,5708.142257
1972Q3,5751.400574
1972Q4,5794.836986
1973Q1,5839.515326
1973Q2,5887.324044
1973Q3,5936.729789
1973Q4,5987.7712280000005
1974Q1,6039.644956
1974Q2,6091.813817
1974Q3,6143.175779
1974Q4,6193.950644
1975Q1,6243.688744
1975Q2,6292.808538
1975Q3,6341.59277
1975Q4,6390.22425
1976Q1,6438.193618
1976Q2,6486.270795
1976Q3,6535.427522
1976Q4,6585.224886
1977Q1,6637.004124
1977Q2,6690.479
1977Q3,6745.154755
1977Q4,6801.571706999999
1978Q1,6859.412031
1978Q2,6918.2167930000005
1978Q3,6978.560672
1978Q4,7040.228437999999
1979Q1,7104.032112000001
1979Q2,7165.884873
1979Q3,7224.2627170000005
1979Q4,7278.140549
1980Q1,7326.394112000001
1980Q2,7367.99518
1980Q3,7403.120921
1980Q4,7440.202161
1981Q1,7464.041262999999
1981Q2,7511.001471
1981Q3,7561.344362000001
1981Q4,7614.916401
1982Q1,7670.935786
1982Q2,7728.749406999999
1982Q3,7788.057417
1982Q4,7848.883640000001
1983Q1,7909.526731999999
1983Q2,7971.56243
1983Q3,8035.366219
1983Q4,8101.7834299999995
1984Q1,8170.828575
1984Q2,8242.474702
1984Q3,8315.799056
1984Q4,8390.357347
1985Q1,8465.293021
1985Q2,8540.41938
1985Q3,8615.339004000001
1985Q4,8689.681432
1986Q1,8763.169215
1986Q2,8835.903368000001
1986Q3,8908.212172
1986Q4,8980.832855
1987Q1,9053.334811
1987Q2,9125.620753
1987Q3,9197.770225
1987Q4,9270.501462
1988Q1,9343.141538
1988Q2,9416.313106
1988Q3,9489.692044
1988Q4,9563.580516
1989Q1,9637.655055
1989Q2,9711.862487999999
1989Q3,9786.059985
1989Q4,9860.011412
1990Q1,9933.160668
1990Q2,10005.190999999999
1990Q3,10075.351929999999
1990Q4,10143.60708
1991Q1,10210.3138
1991Q2,10275.384329999999
1991Q3,10339.40166
1991Q4,10403.443070000001
1992Q1,10467.53224
1992Q2,10532.40179
1992Q3,10598.617059999999
1992Q4,10665.78356
1993Q1,10733.96018
1993Q2,10804.01648
1993Q3,10875.16202
1993Q4,10947.42502
1994Q1,11020.72941
1994Q2,11094.906790000001
1994Q3,11170.74646
1994Q4,11247.90841
1995Q1,11325.938059999999
1995Q2,11405.42678
1995Q3,11485.86699
1995Q4,11568.46189
1996Q1,11652.86137
1996Q2,11742.56188
1996Q3,11838.760890000001
1996Q4,11941.25553
1997Q1,12049.812909999999
1997Q2,12163.58429
1997Q3,12282.93704
1997Q4,12406.578529999999
1998Q1,12533.990759999999
1998Q2,12665.39293
1998Q3,12799.21371
1998Q4,12935.63458
1999Q1,13074.75048
1999Q2,13215.68444
1999Q3,13358.46112
1999Q4,13503.54349
2000Q1,13649.991759999999
2000Q2,13792.73614
2000Q3,13929.502
2000Q4,14059.35651
2001Q1,14182.386999999999
2001Q2,14298.49751
2001Q3,14407.70518
2001Q4,14510.93506
2002Q1,14608.73685
2002Q2,14702.8967
2002Q3,14795.13827
2002Q4,14886.17624
2003Q1,14977.19895
2003Q2,15069.0265
2003Q3,15161.01304
2003Q4,15254.33442
2004Q1,15349.3686
2004Q2,15445.75949
2004Q3,15544.0956
2004Q4,15643.399440000001
2005Q1,15740.36208
2005Q2,15833.98635
2005Q3,15925.48397
2005Q4,16014.16822
2006Q1,16099.610209999999
2006Q2,16182.6442
2006Q3,16261.61595
2006Q4,16336.38318
2007Q1,16413.08416
2007Q2,16492.813130000002
2007Q3,16575.36122
2007Q4,16658.2616
2008Q1,16741.83551
2008Q2,16824.00846
2008Q3,16903.75132
2008Q4,16979.72738
2009Q1,17050.23362
2009Q2,17116.47772
2009Q3,17178.970269999998
2009Q4,17239.53132
2010Q1,17300.29215
2010Q2,17362.17218
2010Q3,17426.505869999997
2010Q4,17492.53719
2011Q1,17560.4955
2011Q2,17630.45708
2011Q3,17702.57186
2011Q4,17776.28839
2012Q1,17851.548590000002
2012Q2,17928.8843
2012Q3,18007.78469
2012Q4,18088.02803
2013Q1,18170.17776
2013Q2,18253.52756
2013Q3,18337.599
2013Q4,18422.91329
2014Q1,18509.443
2014Q2,18597.08684
2014Q3,18686.78631
2014Q4,18777.72656
2015Q1,18869.77467
2015Q2,18963.01626
2015Q3,19056.838330000002
2015Q4,19150.9692
2016Q1,19245.2221
2016Q2,19339.74405
2016Q3,19434.06234
2016Q4,19528.05803
2017Q1,19622.17184
2017Q2,19717.08385
2017Q3,19814.50161
2017Q4,19914.26761
2018Q1,20016.543169999997
2018Q2,20121.67138
2018Q3,20228.129680000002
2018Q4,20335.09873
2019Q1,20443.033040000002
2019Q2,20551.11493
2019Q3,20658.99661
2019Q4,20763.9792
2020Q1,20867.2769
2020Q2,20970.42195
2020Q3,21071.76263
2020Q4,21174.33034
2021Q1,21277.70315
2021Q2,21382.89835
2021Q3,21493.01915
2021Q4,21606.08076
2022Q1,21722.0248
2022Q2,21840.56636
2022Q3,21961.53508
2022Q4,22084.92536
2023Q1,22208.24254
2023Q2,22333.112390000002
2023Q3,22459.740680000003
2023Q4,22588.18459
2024Q1,22718.13
2024Q2,22849.87
2024Q3,22981.32
2024Q4,23113.34
2025Q1,23243.22
2025Q2,23376.07
2025Q3,23510.18
2025Q4,23644.63
2026Q1,23778.89
2026Q2,23912.77
2026Q3,24046.37
2026Q4,24179.8
2027Q1,24312.91
2027Q2,24445.5
2027Q3,24577.97
2027Q4,24710.19
2028Q1,24842.2
2028Q2,24974.37
2028Q3,25106.47
2028Q4,25238.27
2029Q1,25369.76
2029Q2,25500.89
2029Q3,25631.06
2029Q4,25760.37
2030Q1,25888.96
2030Q2,26016.78
2030Q3,26143.92
2030Q4,26270.55
2031Q1,26396.94
2031Q2,26523.07
2031Q3,26648.83
2031Q4,26774.35
2032Q1,26899.74
2032Q2,27024.61
2032Q3,27148.95
2032Q4,27273.05
2033Q1,27395.76
2033Q2,27520.11
2033Q3,27644.47
2033Q4,27768.74
2034Q1,27892.72
2034Q2,28016.45
2034Q3,28140.02
2034Q4,28263.47
2035Q1,28387.01
2035Q2,28510.69
2035Q3,28634.31
2035Q4,28757.74
