Time,Gross domestic income,"Compensation of employees, paid",Wages and salaries,To persons,To the rest of the world,Supplements to wages and salaries,Taxes on production and imports,Less: Subsidies,Net operating surplus,Private enterprises,"Net interest and miscellaneous payments, domestic industries",Business current transfer payments (net),Proprietors' income with inventory valuation and capital consumption adjustments,Rental income of persons with capital consumption adjustment,"Corporate profits with inventory valuation and capital consumption adjustments, domestic industries",Taxes on corporate income,Profits after tax with inventory valuation and capital consumption adjustments,Net dividends,Undistributed corporate profits with inventory valuation and capital consumption adjustments,Current surplus of government enterprises,Consumption of fixed capital,Private,Government,Statistical discrepancy
1947Q1,240.092,128.92,118.795,,,10.125,17.679,0.511,,65.933,1.992,0.524,36.188,6.657,20.571,11.496,9.075,5.432,3.643,,28.071,16.291,11.78,3.072
1947Q2,243.209,130.718,121.191,,,9.526,17.74,0.417,,66.462,2.223,0.685,33.262,6.768,23.523,10.88,12.643,5.68,6.963,,28.706,17.305,11.401,2.759
1947Q3,247.579,132.712,123.919,,,8.793,18.031,0.364,,67.684,2.404,0.797,33.893,6.973,23.616,10.724,12.892,5.924,6.968,,29.515,18.242,11.273,2.006
1947Q4,256.122,136.808,128.198,,,8.61,18.974,0.302,,70.451,2.465,0.854,34.972,7.157,25.003,11.672,13.331,5.792,7.539,,30.191,19.102,11.088,3.623
1948Q1,265.07,140.319,131.579,,,8.74,18.963,0.384,,75.557,2.352,0.732,36.384,7.319,28.771,12.008,16.763,6.376,10.387,,30.615,19.886,10.728,0.672
1948Q2,273.654,141.984,133.292,,,8.692,19.665,0.292,,81.211,2.336,0.705,40.231,7.465,30.473,12.648,17.825,5.972,11.853,,31.086,20.574,10.511,-1.087
1948Q3,278.941,146.761,137.971,,,8.79,20.006,0.615,,81.138,2.4,0.7,40.604,7.536,29.898,12.408,17.49,6.436,11.054,,31.65,21.166,10.484,0.256
1948Q4,281.223,147.843,139.015,,,8.828,20.27,0.869,,82.021,2.429,0.692,39.897,7.617,31.385,11.952,19.433,6.684,12.749,,31.959,21.661,10.298,-0.857
1949Q1,274.18,146.209,136.684,,,9.525,20.369,0.585,,75.939,2.552,0.65,35.414,7.543,29.78,10.836,18.944,6.564,12.38,,32.249,22.061,10.188,0.854
1949Q2,270.661,144.622,134.947,,,9.675,20.822,0.399,,73.36,2.616,0.657,34.937,7.654,27.496,9.52,17.976,6.54,11.436,,32.256,22.432,9.824,0.69
1949Q3,270.863,143.55,133.925,,,9.625,21.253,0.529,,74.335,2.705,0.697,34.238,7.888,28.807,9.936,18.871,6.44,12.431,,32.255,22.777,9.478,2.026
1949Q4,267.232,142.722,133.144,,,9.578,21.172,0.481,,71.436,2.76,0.749,34.171,8.108,25.648,9.748,15.9,6.852,9.048,,32.382,23.094,9.288,3.395
1950Q1,277.506,146.926,136.792,,,10.133,21.554,0.69,,77.311,2.969,0.71,36.246,8.458,28.928,13.44,15.488,7.576,7.912,,32.405,23.384,9.021,3.323
1950Q2,289.932,153.538,142.964,,,10.574,22.462,0.809,,81.971,2.906,0.778,36.813,8.669,32.805,16.108,16.697,7.752,8.945,,32.769,23.879,8.89,0.451
1950Q3,307.524,162.225,150.947,,,11.277,24.38,0.772,,88.12,2.947,0.858,38.456,8.841,37.017,19.724,17.293,8.216,9.077,,33.572,24.58,8.992,0.629
1950Q4,319.297,170.072,157.996,,,12.076,23.404,1.103,,92.101,3.054,0.949,38.543,9.148,40.408,21.64,18.768,8.66,10.108,,34.823,25.485,9.338,0.648
1951Q1,332.534,178.552,165.319,,,13.233,25.094,1.156,,93.791,3.259,1.079,40.901,9.32,39.232,26.048,13.184,7.592,5.592,,36.253,26.596,9.658,3.465
1951Q2,340.649,184.887,170.979,,,13.907,24.069,1.128,,95.486,3.343,1.151,42.539,9.576,38.876,22.004,16.872,7.748,9.124,,37.336,27.5,9.837,3.441
1951Q3,346.823,187.84,173.48,,,14.36,24.481,0.872,,97.106,3.507,1.187,43.241,9.858,39.313,19.888,19.425,7.66,11.765,,38.267,28.198,10.069,4.562
1951Q4,353.871,191.481,176.591,,,14.889,25.336,1.037,,99.047,3.611,1.221,43.698,10.124,40.394,21.276,19.118,7.652,11.466,,39.045,28.69,10.354,2.306
1952Q1,356.053,196.095,181.004,,,15.091,26.087,0.813,,95.154,3.723,1.216,41.693,10.4,38.122,19.528,18.594,7.284,11.31,,39.53,28.976,10.554,3.767
1952Q2,358.604,197.424,182.118,,,15.306,26.918,0.791,,94.877,3.803,1.203,42.956,10.665,36.249,18.372,17.877,7.916,9.961,,40.176,29.317,10.859,2.426
1952Q3,365.999,201.501,185.95,,,15.551,27.334,0.798,,96.958,3.939,1.188,44.745,10.931,36.156,18.308,17.848,7.78,10.068,,41.003,29.712,11.291,1.702
1952Q4,378.271,209.324,193.464,,,15.86,28.145,0.695,,99.787,3.995,1.183,42.762,11.267,40.58,20.22,20.36,8.032,12.328,,41.709,30.162,11.547,2.541
1953Q1,385.073,213.13,197.076,,,16.054,28.746,0.727,,101.428,4.235,1.193,42.948,11.584,41.468,21.284,20.184,7.636,12.548,,42.496,30.667,11.829,2.907
1953Q2,388.515,216.216,200.034,,,16.182,29.178,0.451,,100.306,4.261,1.196,42.347,11.894,40.609,21.376,19.233,8.308,10.925,,43.266,31.14,12.126,3.234
1953Q3,387.598,216.53,200.153,,,16.377,29.319,0.676,,98.609,4.504,1.148,41.218,12.162,39.578,20.876,18.702,8.304,10.398,,43.817,31.583,12.234,3.572
1953Q4,380.524,215.136,198.722,,,16.414,29.161,0.202,,92.048,4.615,1.075,41.557,12.474,32.329,16.24,16.089,8.128,7.961,,44.381,31.994,12.387,5.446
1954Q1,382.558,213.169,196.458,,,16.711,28.681,0.13,,95.899,4.797,0.956,42.681,12.797,34.668,16.096,18.572,8.42,10.152,,44.94,32.374,12.566,2.787
1954Q2,383.6,212.741,196.014,,,16.727,28.812,0.692,,97.048,5.062,0.881,42.099,13.015,35.991,16.612,19.379,7.836,11.543,,45.691,32.76,12.932,2.522
1954Q3,387.551,213.281,196.391,,,16.89,28.744,0.328,,99.554,5.308,0.883,42.248,13.144,37.971,17.66,20.311,8.184,12.127,,46.3,33.151,13.15,3.445
1954Q4,396.846,217.593,200.417,,,17.176,29.319,0.16,,103.104,5.519,0.943,41.992,13.287,41.361,19.024,22.337,8.104,14.233,,46.991,33.548,13.443,2.888
1955Q1,409.644,221.965,204.126,,,17.839,30.248,0.264,,110.233,5.564,1.101,43.667,13.333,46.568,21.132,25.436,8.692,16.744,,47.461,33.95,13.51,3.43
1955Q2,419.737,228.153,209.921,,,18.232,31.228,0.327,,112.505,5.737,1.245,44.27,13.386,47.867,21.38,26.487,8.928,17.559,,48.178,34.528,13.65,1.795
1955Q3,428.228,233.98,215.316,,,18.664,31.941,0.031,,113.022,5.802,1.372,44.635,13.441,47.773,21.888,25.885,9.46,16.425,,49.315,35.281,14.034,1.993
1955Q4,435.768,238.461,219.521,,,18.94,32.451,0.181,,114.434,5.872,1.471,44.518,13.527,49.046,22.756,26.29,9.524,16.766,,50.603,36.209,14.395,1.324
1956Q1,440.533,242.91,223.364,,,19.546,33.031,0.3,,112.749,6.018,1.574,44.863,13.595,46.7,21.684,25.016,9.684,15.332,,52.144,37.311,14.832,-0.787
1956Q2,447.678,247.573,227.583,,,19.99,33.596,0.556,,113.559,6.199,1.623,45.251,13.604,46.882,22.096,24.786,9.772,15.014,,53.505,38.352,15.153,-1.667
1956Q3,453.772,250.502,230.035,,,20.467,34.597,0.899,,114.753,6.584,1.674,46.408,13.682,46.405,20.728,25.677,9.732,15.945,,54.819,39.329,15.49,-2.582
1956Q4,463.554,256.445,235.449,,,20.996,35.724,1.213,,116.567,6.979,1.731,46.753,13.79,47.314,21.856,25.458,10.288,15.17,,56.032,40.244,15.788,-3.091
1957Q1,471.077,260.3,238.344,,,21.956,36.144,1.286,,118.606,7.362,1.798,46.927,13.871,48.647,22.344,26.303,10.324,15.979,,57.313,41.096,16.217,-1.298
1957Q2,473.964,262.135,239.695,,,22.44,36.561,1.218,,118.066,7.556,1.826,47.713,13.97,47.001,21.356,25.645,10.268,15.377,,58.42,41.901,16.518,-1.939
1957Q3,478.836,264.802,241.907,,,22.895,37.012,1.061,,118.594,7.741,1.84,48.805,14.08,46.128,20.864,25.264,10.456,14.808,,59.488,42.66,16.828,0.655
1957Q4,473.699,263.379,240.17,,,23.209,36.746,0.962,,114.088,7.855,1.827,47.7,14.291,42.415,18.956,23.459,10.548,12.911,,60.448,43.371,17.077,1.164
1958Q1,468.148,259.839,236.796,,,23.043,36.823,1.097,,111.491,7.974,1.794,50.265,14.572,36.886,16.328,20.558,10.524,10.034,,61.092,44.035,17.057,-0.608
1958Q2,470.909,259.498,236.348,,,23.15,37.331,1.291,,113.368,8.493,1.741,50.325,14.75,38.06,16.676,21.384,10.504,10.88,,62.003,44.651,17.352,1.07
1958Q3,484.819,267.3,243.909,,,23.391,37.795,1.476,,118.258,9.318,1.673,50.123,14.889,42.255,18.908,23.347,10.34,13.007,,62.943,45.219,17.724,1.021
1958Q4,498.445,272.335,248.504,,,23.831,38.929,1.612,,125.011,10.379,1.607,49.916,14.976,48.133,21.848,26.285,10.056,16.229,,63.782,45.739,18.043,1.11
1959Q1,510.145,279.827,254.092,,,25.735,39.77,1.148,127.232,126.738,8.322,1.6,50.08,14.97,51.765,22.796,28.969,11.004,17.965,0.494,64.464,46.211,18.253,0.185
1959Q2,524.882,286.539,260.637,,,25.902,40.292,0.928,133.856,133.302,9.343,1.661,50.34,15.431,56.527,24.952,31.575,11.516,20.059,0.554,65.122,46.642,18.48,-2.229
1959Q3,522.572,287.007,260.98,,,26.027,41.722,1.088,129.142,128.621,9.412,1.672,50.356,15.783,51.398,22.108,29.29,11.876,17.414,0.521,65.789,47.034,18.756,2.461
1959Q4,528.21,290.268,263.983,,,26.285,42.424,1.068,130.189,129.579,9.74,1.695,50.606,16.043,51.495,21.408,30.087,12.08,18.007,0.61,66.397,47.385,19.012,0.391
1960Q1,542.125,298.89,270.904,,,27.986,43.696,1.024,133.578,133.032,9.777,1.732,49.748,16.227,55.549,24.164,31.385,12.224,19.161,0.546,66.985,47.696,19.289,0.524
1960Q2,543.396,301.871,273.553,,,28.318,44.347,1.28,130.869,130.322,9.871,1.729,50.715,16.379,51.628,22.116,29.512,12.24,17.272,0.547,67.588,48.025,19.563,-2.316
1960Q3,545.291,302.728,274.119,,,28.609,44.861,1.048,130.545,130.149,10.265,1.74,50.871,16.542,50.731,21.132,29.599,12.56,17.039,0.396,68.204,48.373,19.832,0.313
1960Q4,543.938,302.259,273.463,,,28.796,45.284,1.232,128.802,128.424,10.667,1.771,51.02,16.703,48.262,20.128,28.134,12.204,15.93,0.378,68.825,48.739,20.086,-3.741
1961Q1,546.222,303.256,273.933,,,29.323,45.776,1.572,129.265,128.958,11.008,1.851,52.327,16.918,46.854,19.956,26.898,11.892,15.006,0.307,69.496,49.124,20.372,-1.204
1961Q2,556.721,307.457,277.777,,,29.68,46.463,2.008,134.624,134.388,11.483,1.87,52.645,17.084,51.305,21.424,29.881,12.088,17.793,0.236,70.185,49.541,20.644,-1.175
1961Q3,567.148,312.464,282.396,,,30.068,47.256,2.172,138.639,138.328,11.903,1.916,53.325,17.286,53.899,22.716,31.183,12.136,19.047,0.311,70.961,49.991,20.97,0.516
1961Q4,582.407,319.083,288.547,,,30.536,48.377,2.304,145.475,144.977,12.542,1.969,54.495,17.512,58.46,24.716,33.744,12.656,21.088,0.499,71.776,50.472,21.304,-1.796
1962Q1,592.505,325.577,293.371,,,32.206,49.396,2.284,147.114,146.687,12.41,2.034,55.324,17.739,59.179,23.144,36.035,12.968,23.067,0.427,72.702,50.986,21.716,1.508
1962Q2,600.073,331.522,298.842,,,32.68,49.906,2.384,147.499,147.138,13.234,2.091,54.966,17.95,58.897,22.86,36.037,13.22,22.817,0.361,73.529,51.514,22.015,0.293
1962Q3,607.427,334.336,301.27,,,33.066,50.888,2.216,149.87,149.457,13.745,2.146,54.888,18.15,60.528,23.552,36.976,13.436,23.54,0.413,74.549,52.056,22.493,1.6
1962Q4,615.802,337.753,304.329,,,33.424,51.338,2.208,153.31,152.92,14.138,2.197,55.76,18.343,62.481,23.628,38.853,12.996,25.857,0.391,75.608,52.612,22.996,-3.521
1963Q1,623.85,342.717,308.025,,,34.692,52.005,2.032,154.642,153.925,13.92,2.436,55.974,18.542,63.053,23.72,39.333,13.844,25.489,0.718,76.518,53.182,23.337,-2.178
1963Q2,634.043,347.623,312.419,,,35.204,52.938,2.176,158.132,157.375,14.098,2.518,55.8,18.687,66.273,25.412,40.861,14.404,26.457,0.756,77.526,53.8,23.726,-4.291
1963Q3,643.45,352.707,316.908,,,35.799,53.919,2.296,160.617,159.772,14.521,2.535,56.229,18.842,67.645,26.116,41.529,14.632,26.897,0.844,78.503,54.467,24.036,0.994
1963Q4,654.309,358.837,322.303,,,36.534,54.682,2.432,163.698,162.761,14.977,2.619,57.589,18.836,68.739,26.716,42.023,14.888,27.135,0.938,79.524,55.183,24.341,-0.371
1964Q1,667.299,365.229,328.276,,,36.953,55.671,2.728,168.51,167.57,15.604,2.721,57.913,18.84,72.493,26.396,46.097,15.716,30.381,0.94,80.617,55.947,24.671,2.524
1964Q2,678.727,372.676,334.887,,,37.789,56.746,2.88,170.43,169.487,16.191,2.785,58.821,18.779,72.912,26.4,46.512,16.444,30.068,0.943,81.755,56.784,24.971,-0.053
1964Q3,691.1,380.065,341.463,,,38.602,57.881,2.648,172.856,172.152,16.829,3.207,59.287,18.863,73.967,26.98,46.987,16.792,30.195,0.704,82.945,57.693,25.252,0.931
1964Q4,700.907,386.147,346.741,,,39.406,58.778,2.66,174.403,173.528,17.295,3.306,60.503,18.841,73.583,26.516,47.067,17.34,29.727,0.875,84.239,58.676,25.562,-3.589
1965Q1,720.152,392.925,352.809,,,40.116,60.184,2.924,184.352,183.503,17.898,3.502,61.949,19.083,81.071,28.344,52.727,16.876,35.851,0.848,85.615,59.732,25.883,-2.362
1965Q2,732.681,399.92,358.872,,,41.048,60.34,2.972,188.247,187.343,18.289,3.504,63.177,19.272,83.101,29.232,53.869,17.588,36.281,0.903,87.146,60.888,26.258,-2.491
1965Q3,745.903,408.335,366.21,,,42.125,60.516,2.988,191.267,190.503,18.901,3.486,63.967,19.504,84.645,29.76,54.885,18.608,36.277,0.765,88.773,62.144,26.629,3.42
1965Q4,767.46,420.458,377.116,,,43.342,61.796,3.144,197.859,197.224,19.215,3.444,65.56,19.492,89.513,31.736,57.777,19.612,38.165,0.635,90.49,63.5,26.99,4.396
1966Q1,789.329,433.085,385.739,,,47.346,61.365,3.564,206.133,205.551,20.045,3.419,69.225,19.834,93.028,32.708,60.32,19.968,40.352,0.582,92.31,64.956,27.354,6.405
1966Q2,801.086,444.388,395.879,,,48.509,62.827,3.928,203.462,203.009,20.786,3.379,67.204,19.757,91.883,32.628,59.255,19.588,39.667,0.453,94.338,66.424,27.914,3.895
1966Q3,814.396,455.645,406.108,,,49.537,63.748,4.064,202.779,202.575,21.746,3.365,67.161,20.021,90.28,32.156,58.124,19.452,38.672,0.204,96.288,67.904,28.384,5.242
1966Q4,828.503,463.78,413.461,,,50.319,64.904,4.24,205.76,205.448,22.69,3.401,68.143,20.029,91.184,31.436,59.748,18.9,40.848,0.312,98.3,69.396,28.904,4.798
1967Q1,836.797,469.977,418.811,,,51.166,65.564,3.992,204.98,204.717,23.454,3.468,68.901,20.255,88.638,30.632,58.006,20.112,37.894,0.263,100.268,70.9,29.368,7.373
1967Q2,845.681,475.619,423.574,,,52.045,66.832,3.872,204.752,204.383,24.245,3.567,68.497,20.373,87.701,30.344,57.357,20.868,36.489,0.369,102.35,72.472,29.878,3.302
1967Q3,862.763,485.242,431.979,,,53.263,68.746,3.684,207.84,207.445,24.605,3.689,70.525,20.43,88.196,30.608,57.588,20.464,37.124,0.395,104.619,74.112,30.507,2.47
1967Q4,881.145,496.206,441.553,,,54.653,70.606,3.696,211.045,210.96,25.043,3.79,69.973,20.327,91.828,32.384,59.444,19.504,39.94,0.084,106.985,75.82,31.165,0.294
1968Q1,904.129,510.86,454.198,,,56.662,73.367,4.036,214.443,213.983,25.412,3.912,71.681,20.076,92.903,36.456,56.447,21.98,34.467,0.459,109.496,77.596,31.9,5.258
1968Q2,927.463,523.98,465.911,,,58.069,75.424,4.204,220.317,219.829,25.831,4.127,73.177,20.072,96.622,37.064,59.558,22.1,37.458,0.488,111.946,79.509,32.437,6.881
1968Q3,949.276,537.809,478.318,,,59.491,77.693,4.22,223.461,222.964,26.617,4.271,74.951,20.212,96.915,37.116,59.799,23.084,36.715,0.497,114.534,81.558,32.975,1.549
1968Q4,969.185,550.305,489.411,,,60.894,79.144,4.236,226.522,226.154,28.198,4.418,75.507,20.025,98.006,38.02,59.986,23.36,36.626,0.368,117.45,83.744,33.706,-1.155
1969Q1,988.736,562.744,499.046,,,63.698,80.589,4.34,229.278,229.106,31.326,4.716,75.63,20.219,97.215,38.7,58.515,23.004,35.511,0.172,120.465,86.067,34.398,4.601
1969Q2,1007.398,576.697,511.36,,,65.337,82.901,4.464,228.758,228.6,32.48,4.827,77.111,20.286,93.896,37.468,56.428,23.388,33.04,0.158,123.506,88.342,35.164,1.622
1969Q3,1028.459,593.413,526.409,,,67.004,85.217,4.668,228.171,228.047,34.127,4.837,77.967,20.446,90.67,36.068,54.602,23.276,31.326,0.124,126.325,90.571,35.755,1.497
1969Q4,1039.539,604.895,536.429,,,68.466,86.717,4.664,223.302,223.105,35.04,4.812,77.312,20.437,85.504,35.596,49.908,24.02,25.888,0.197,129.289,92.752,36.537,-1.392
1970Q1,1047.063,614.93,545.075,,,69.855,88.466,4.736,216.165,216.681,37.103,4.617,77.071,20.428,77.463,31.076,46.387,23.452,22.935,-0.516,132.239,94.886,37.352,4.137
1970Q2,1061.858,620.21,549.043,,,71.167,90.535,4.82,220.66,221.788,39.31,4.463,76.71,20.214,81.09,31.156,49.934,24.024,25.91,-1.128,135.272,97.089,38.184,5.517
1970Q3,1079.478,628.171,555.699,,,72.472,92.512,4.74,225.208,226.318,41.66,4.225,78.483,20.854,81.096,32.144,48.952,23.796,25.156,-1.11,138.327,99.359,38.968,6.58
1970Q4,1083.461,629.984,556.331,,,73.653,94.139,4.812,222.639,224.022,42.87,4.123,78.943,21.16,76.926,30.676,46.25,24.188,22.062,-1.382,141.511,101.698,39.813,5.147
1971Q1,1121.847,647.88,570.492,,,77.388,97.652,4.764,236.433,238.205,43.522,4.132,80.316,21.089,89.146,34.384,54.762,24.688,30.074,-1.772,144.646,104.104,40.542,13.309
1971Q2,1143.994,659.773,580.428,,,79.345,98.947,4.812,242.489,243.735,44.33,4.105,82.847,21.674,90.779,35.316,55.463,22.98,32.483,-1.246,147.597,106.479,41.118,12.277
1971Q3,1165.451,670.088,588.769,,,81.319,101.674,4.512,247.841,249.405,44.923,4.154,84.595,22.049,93.684,34.552,59.132,24.648,34.484,-1.564,150.361,108.822,41.538,12.224
1971Q4,1190.035,682.154,598.421,,,83.733,103.699,4.612,255.695,257.175,45.019,4.241,87.859,22.498,97.558,34.98,62.578,22.46,40.118,-1.48,153.099,111.134,41.965,0.262
1972Q1,1225.632,708.354,618.472,,,89.882,104.56,6.103,262.879,264.267,46.067,4.54,87.906,23.101,102.653,37.14,65.513,25.452,40.061,-1.388,155.942,113.414,42.528,4.977
1972Q2,1249.073,722.473,630.374,,,92.099,106.786,6.203,267.065,268.104,47.61,4.695,91.326,20.152,104.322,37.46,66.862,25.28,41.582,-1.04,158.952,115.957,42.996,17.296
1972Q3,1281.679,735.744,642.326,,,93.418,108.862,7.175,281.543,282.439,49.914,4.873,95.535,23.875,108.243,38.768,69.475,25.16,44.315,-0.897,162.705,118.762,43.943,8.887
1972Q4,1331.426,758.766,663.971,,,94.795,111.504,7.063,301.785,302.205,52.341,5.006,105.614,23.75,115.493,43.072,72.421,24.8,47.621,-0.42,166.434,121.831,44.603,-2.522
1973Q1,1370.82,785.423,683.364,,,102.059,114.6,5.944,306.251,307.606,53.384,5.576,104.144,23.491,121.012,46.016,74.996,25.7,49.296,-1.356,170.49,125.163,45.327,6.67
1973Q2,1399.511,803.227,700.201,,,103.026,116.185,5.704,310.409,312.166,55.786,5.889,109.942,23.343,117.205,46.036,71.169,27.168,44.001,-1.757,175.393,129.026,46.367,14.376
1973Q3,1431.358,820.42,716.177,,,104.243,118.397,4.717,316.018,318.193,59.792,5.648,113.788,22.34,116.625,43.984,72.641,28.468,44.173,-2.175,181.24,133.421,47.82,2.48
1973Q4,1475.234,841.71,735.356,,,106.354,119.698,4.555,330.772,333.316,62.847,5.849,122.206,23.291,119.124,46.492,72.632,28.456,44.176,-2.544,187.608,138.346,49.262,1.056
1974Q1,1491.146,858.356,748.203,,,110.153,120.806,3.556,321.232,323.691,67.058,6.297,115.735,23.517,111.085,44.604,66.481,27.444,39.037,-2.46,194.309,143.802,50.506,0.063
1974Q2,1520.365,878.511,765.319,,,113.192,124.068,2.892,318.553,320.445,71.558,6.569,108.637,22.92,110.761,46.664,64.097,30.672,33.425,-1.892,202.126,149.727,52.398,9.691
1974Q3,1556.456,900.218,783.153,,,117.065,127.054,3.172,321.175,323.636,75.132,6.971,111.0,23.273,107.26,51.512,55.748,29.844,25.904,-2.461,211.181,156.12,55.061,3.57
1974Q4,1583.154,913.86,792.541,,,121.319,127.68,3.608,325.265,328.236,80.596,7.311,113.481,23.011,103.837,46.16,57.677,28.056,29.621,-2.971,219.957,162.982,56.975,16.524
1975Q1,1600.724,918.423,791.963,,,126.46,128.821,4.22,328.955,332.65,85.007,8.356,112.735,22.662,103.89,38.312,65.578,32.216,33.362,-3.694,228.744,170.311,58.433,15.392
1975Q2,1637.971,931.218,800.41,,,130.808,133.011,4.264,342.228,346.113,84.706,9.097,114.317,22.405,115.588,41.42,74.168,31.376,42.792,-3.884,235.778,176.635,59.142,13.882
1975Q3,1700.816,956.033,821.336,,,134.697,138.199,4.564,369.015,373.287,85.662,9.276,120.708,22.247,135.395,52.024,83.371,31.044,52.327,-4.272,242.132,181.953,60.179,9.005
1975Q4,1746.705,983.422,845.815,,,137.607,141.137,4.928,379.684,384.107,85.603,9.415,125.194,21.856,142.038,53.3,88.738,32.508,56.23,-4.423,247.391,186.265,61.126,15.126
1976Q1,1801.802,1014.752,871.255,,,143.497,141.674,5.136,398.585,401.007,84.328,9.549,126.395,21.636,159.099,60.844,98.255,31.78,66.475,-2.422,251.926,189.571,62.356,18.685
1976Q2,1831.4,1035.541,889.419,,,146.122,144.856,4.836,399.141,401.561,86.518,9.394,128.627,20.455,156.567,59.38,97.187,35.912,61.275,-2.42,256.699,193.669,63.029,20.932
1976Q3,1869.193,1058.412,908.489,,,149.923,147.693,5.068,405.464,407.775,87.666,9.049,132.685,20.023,158.351,58.98,99.371,37.304,62.067,-2.31,262.692,198.561,64.131,17.364
1976Q4,1908.639,1084.831,929.965,,,154.866,151.329,5.46,408.351,410.74,89.734,8.55,136.192,19.122,157.143,58.468,98.675,38.704,59.971,-2.389,269.589,204.247,65.342,25.634
1977Q1,1960.906,1113.341,950.105,,,163.236,154.836,5.82,421.012,423.625,95.454,8.16,138.592,16.446,164.974,62.92,102.054,37.636,64.418,-2.613,277.537,210.725,66.813,27.742
1977Q2,2035.208,1150.353,980.97,,,169.383,158.028,5.856,447.023,449.745,99.365,7.823,140.511,16.315,185.731,68.42,117.311,38.44,78.871,-2.722,285.66,217.476,68.184,20.701
1977Q3,2097.868,1182.171,1007.568,,,174.603,161.532,6.416,466.826,470.042,104.159,8.029,142.368,15.605,199.882,70.84,129.042,39.968,89.074,-3.216,293.756,224.499,69.256,20.605
1977Q4,2155.534,1217.684,1038.237,,,179.447,164.26,10.308,481.534,484.813,108.813,8.312,156.496,15.097,196.095,71.836,124.259,42.464,81.795,-3.28,302.364,231.796,70.568,8.736
1978Q1,2199.97,1251.01,1063.944,,,187.066,166.912,8.68,479.13,482.334,111.065,9.353,158.524,15.891,187.502,66.192,121.31,43.56,77.75,-3.203,311.598,239.366,72.232,2.789
1978Q2,2309.587,1299.226,1106.141,,,193.085,173.059,8.368,523.671,526.388,114.57,10.035,166.115,15.625,220.044,80.008,140.036,43.064,96.972,-2.718,321.999,247.493,74.506,22.047
1978Q3,2365.857,1336.958,1138.095,,,198.862,169.711,8.288,535.497,536.878,116.923,10.732,168.342,17.124,223.757,80.228,143.529,48.584,94.945,-1.381,331.98,256.178,75.802,29.196
1978Q4,2437.684,1380.257,1174.495,,,205.762,173.91,10.408,550.723,552.932,121.595,11.38,170.915,17.545,231.497,84.98,146.517,51.252,95.265,-2.208,343.202,265.419,77.783,39.265
1979Q1,2501.832,1422.587,1208.636,,,213.951,176.441,8.352,556.377,558.667,126.8,12.283,180.057,17.267,222.26,81.924,140.336,50.51,89.826,-2.29,354.779,275.218,79.56,24.778
1979Q2,2550.227,1454.82,1234.452,,,220.369,178.493,8.776,558.465,560.904,133.741,12.699,179.181,15.625,219.658,82.112,137.546,51.229,86.317,-2.439,367.225,285.343,81.882,41.02
1979Q3,2609.135,1496.791,1269.457,,,227.334,180.902,8.132,559.265,561.862,141.5,12.958,180.733,15.366,211.304,81.036,130.268,49.404,80.864,-2.597,380.308,295.793,84.515,58.431
1979Q4,2668.123,1535.01,1300.996,,,234.014,184.568,8.864,564.2,567.669,155.515,13.069,177.777,16.112,205.197,77.876,127.321,52.769,74.552,-3.469,393.209,306.569,86.64,55.761
1980Q1,2722.05,1573.692,1333.875,,,239.817,189.513,9.2,561.296,564.85,171.18,13.159,167.566,15.792,197.152,85.388,111.764,53.434,58.331,-3.554,406.75,317.67,89.079,67.792
1980Q2,2741.686,1599.268,1353.977,,,245.291,196.896,9.624,534.178,538.364,177.65,13.392,160.309,17.096,169.917,64.932,104.985,67.421,37.564,-4.186,420.968,329.033,91.936,55.666
1980Q3,2823.75,1628.697,1377.4,,,251.298,204.294,10.072,565.468,569.986,183.828,13.709,173.401,19.867,179.182,72.144,107.038,56.555,50.483,-4.518,435.363,340.656,94.706,32.733
1980Q4,2964.663,1687.725,1428.827,,,258.898,210.617,10.304,625.988,631.656,203.396,15.728,185.005,23.16,204.367,79.472,124.895,59.595,65.301,-5.668,450.637,352.541,98.096,20.894
1981Q1,3064.9,1739.768,1467.818,,,271.949,230.842,10.556,639.304,645.447,203.837,16.441,188.213,23.963,212.994,78.14,134.854,64.098,70.756,-6.143,465.542,364.687,100.855,59.306
1981Q2,3127.116,1774.906,1496.839,,,278.067,235.496,10.704,646.987,651.123,223.039,16.56,176.367,23.335,211.822,69.076,142.746,67.062,75.685,-4.136,480.431,376.443,103.989,35.416
1981Q3,3231.849,1815.241,1530.725,,,284.517,237.466,11.12,695.744,700.382,249.296,17.106,182.286,23.085,228.61,71.648,156.962,70.595,86.367,-4.638,494.517,387.808,106.71,28.761
1981Q4,3253.483,1840.808,1550.733,,,290.075,238.772,13.512,678.989,682.941,257.368,17.548,171.848,24.74,211.436,62.396,149.04,71.998,77.042,-3.952,508.426,398.783,109.643,27.335
1982Q1,3272.128,1864.869,1567.744,,,297.125,237.401,13.996,661.927,665.365,269.758,18.641,165.195,23.548,188.224,50.612,137.612,76.127,61.485,-3.438,521.926,409.367,112.559,2.174
1982Q2,3326.727,1884.558,1581.934,,,302.624,238.262,13.604,683.634,686.983,276.817,19.152,169.412,21.08,200.522,52.736,147.786,64.492,83.294,-3.349,533.877,418.011,115.866,5.244
1982Q3,3360.833,1904.945,1596.627,,,308.319,241.777,13.04,684.402,687.899,272.905,19.522,170.698,24.379,200.396,53.212,147.184,70.509,76.676,-3.497,542.749,424.714,118.035,5.489
1982Q4,3380.87,1918.325,1604.532,,,313.793,246.292,19.428,686.381,689.766,272.496,19.954,179.459,26.324,191.532,48.616,142.916,77.264,65.652,-3.385,549.301,429.476,119.825,21.69
1983Q1,3442.826,1947.394,1622.636,,,324.758,250.664,19.9,712.36,714.948,276.121,20.301,183.262,25.78,209.484,50.24,159.244,83.346,75.898,-2.587,552.307,432.297,120.01,30.587
1983Q2,3526.639,1986.471,1654.848,,,331.623,261.239,21.584,741.431,743.507,276.941,20.905,182.636,24.745,238.28,65.332,172.948,81.67,91.278,-2.075,559.081,436.021,123.06,52.209
1983Q3,3613.588,2029.805,1691.575,,,338.23,267.494,22.196,772.317,774.021,290.148,21.883,183.805,23.742,254.444,73.984,180.46,84.824,95.636,-1.704,566.169,440.648,125.521,75.591
1983Q4,3725.69,2086.974,1741.685,,,345.289,273.727,21.536,813.594,814.764,303.17,23.636,195.301,23.478,269.179,76.12,193.059,87.144,105.915,-1.17,572.932,446.177,126.754,69.016
1984Q1,3866.136,2144.073,1784.233,,,359.84,281.644,21.224,879.398,881.037,308.124,26.685,221.918,23.192,301.118,88.436,212.682,89.785,122.897,-1.639,582.246,452.61,129.636,41.918
1984Q2,3962.847,2195.373,1828.356,,,367.017,287.748,20.996,909.229,910.339,326.968,28.648,231.775,21.715,301.232,87.144,214.088,89.393,124.696,-1.11,591.493,459.545,131.947,46.754
1984Q3,4040.395,2241.817,1867.257,,,374.56,292.172,20.88,924.11,924.882,342.635,30.141,232.366,24.449,295.29,74.744,220.546,90.355,130.191,-0.772,603.176,466.985,136.191,43.855
1984Q4,4115.393,2283.068,1900.656,,,382.411,297.528,21.16,939.289,939.235,346.724,31.162,226.936,29.257,305.156,75.584,229.572,89.411,140.161,0.054,616.669,474.928,141.741,33.158
1985Q1,4191.02,2323.735,1932.369,,,391.365,301.047,21.119,963.708,962.931,351.77,32.203,240.667,26.878,311.413,80.512,230.901,94.582,136.319,0.778,623.649,483.375,140.275,39.147
1985Q2,4248.348,2363.862,1963.845,,,400.018,305.701,20.994,965.217,963.11,350.811,38.146,238.477,25.327,310.348,78.812,231.536,104.616,126.92,2.107,634.561,491.968,142.594,46.539
1985Q3,4325.809,2406.632,1997.626,,,409.005,311.851,21.333,983.494,981.085,348.997,32.787,240.737,27.054,331.51,84.74,246.77,98.437,148.333,2.409,645.165,500.708,144.458,60.964
1985Q4,4374.446,2455.929,2037.22,,,418.71,313.933,21.994,969.4,967.211,357.58,33.104,244.323,25.553,306.649,82.376,224.273,102.001,122.272,2.189,657.178,509.594,147.583,69.648
1986Q1,4439.594,2493.036,2065.464,2062.661,2.803,427.572,317.495,23.105,983.979,981.519,375.16,42.051,245.628,22.012,296.668,87.84,208.828,103.092,105.735,2.46,668.189,518.627,149.562,68.3
1986Q2,4468.777,2519.014,2083.631,2080.912,2.719,435.383,319.475,24.187,974.559,972.041,378.44,34.517,251.631,21.078,286.374,88.404,197.97,108.377,89.594,2.518,679.916,527.418,152.498,76.563
1986Q3,4515.237,2556.896,2113.131,2110.548,2.583,443.764,326.155,25.451,966.684,964.15,374.284,33.248,264.416,16.592,275.61,90.004,185.606,100.221,85.385,2.534,690.953,535.968,154.986,92.432
1986Q4,4575.53,2606.435,2154.242,2151.587,2.655,452.193,330.367,26.837,963.444,960.792,371.423,34.027,264.24,13.391,277.711,101.236,176.475,101.078,75.397,2.652,702.121,544.275,157.846,82.097
1987Q1,4652.468,2649.361,2194.256,2191.668,2.588,455.105,336.035,28.281,982.753,979.687,367.338,34.011,275.438,14.487,288.413,101.542,186.87,101.663,85.207,3.067,712.6,552.34,160.26,69.687
1987Q2,4759.392,2693.567,2231.434,2228.898,2.536,462.133,344.369,30.443,1028.129,1025.285,374.793,34.35,282.308,14.133,319.699,115.122,204.577,98.804,105.774,2.845,723.77,561.153,162.617,46.767
1987Q3,4865.151,2741.443,2271.965,2269.785,2.18,469.478,352.378,31.306,1066.561,1063.989,380.365,32.481,289.495,17.477,344.171,119.884,224.287,100.687,123.6,2.571,736.076,570.713,165.362,19.404
1987Q4,4969.432,2810.672,2332.835,2330.739,2.096,477.837,357.398,31.098,1083.375,1080.863,390.69,32.327,298.63,20.287,338.928,114.26,224.668,111.498,113.17,2.511,749.086,581.022,168.064,38.562
1988Q1,5068.209,2858.473,2367.096,2365.187,1.909,491.377,365.22,30.364,1111.078,1108.863,393.458,31.117,319.16,21.05,344.078,112.591,231.487,97.548,133.939,2.215,763.802,591.862,171.94,5.163
1988Q2,5176.433,2924.054,2422.462,2420.545,1.917,501.592,372.5,29.842,1132.041,1125.886,399.122,31.675,322.499,20.281,352.308,120.002,232.306,107.941,124.364,6.155,777.68,602.619,175.061,13.603
1988Q3,5285.539,2976.558,2463.571,2461.858,1.713,512.987,377.526,29.237,1169.321,1162.736,415.484,33.166,333.596,21.203,359.287,129.12,230.166,129.289,100.877,6.585,791.371,613.292,178.079,-2.704
1988Q4,5404.274,3036.327,2509.467,2507.558,1.909,526.86,382.612,28.565,1208.765,1201.492,430.795,35.066,326.841,27.429,381.361,135.351,246.011,119.69,126.321,7.273,805.134,623.882,181.253,-4.765
1989Q1,5493.904,3080.126,2541.872,2539.81,2.062,538.254,391.008,27.952,1232.294,1225.178,453.568,37.233,348.099,23.078,363.2,137.171,226.03,147.102,78.928,7.115,818.428,634.387,184.041,17.349
1989Q2,5542.536,3115.774,2564.689,2562.471,2.218,551.085,397.485,27.389,1224.983,1217.936,463.202,37.665,339.519,21.171,356.379,122.964,233.414,147.959,85.456,7.048,831.683,644.682,187.001,69.927
1989Q3,5606.205,3156.319,2593.525,2591.227,2.298,562.794,403.939,27.096,1228.155,1220.896,469.596,39.13,337.157,20.009,355.004,118.934,236.07,151.827,84.243,7.259,844.888,654.766,190.122,89.16
1989Q4,5652.361,3211.327,2637.258,2634.628,2.63,574.069,403.033,27.275,1207.243,1199.629,467.251,39.039,339.742,21.833,331.765,118.619,213.146,143.948,69.197,7.614,858.033,664.64,193.393,94.876
1990Q1,5767.833,3274.921,2686.591,2683.305,3.286,588.33,419.548,27.125,1230.468,1225.289,472.791,39.375,345.605,23.137,344.381,116.753,227.628,168.831,58.797,5.179,870.021,674.302,195.719,104.868
1990Q2,5864.899,3336.913,2741.034,2737.664,3.37,595.879,419.45,26.95,1253.256,1249.741,471.551,38.97,351.118,26.654,361.449,121.667,239.782,165.293,74.489,3.515,882.23,683.805,198.424,95.129
1990Q3,5910.988,3374.835,2771.624,2768.142,3.482,603.211,426.751,26.93,1241.318,1237.942,470.767,38.873,358.938,31.6,337.763,125.139,212.625,168.98,43.644,3.377,895.014,693.148,201.865,104.127
1990Q4,5927.434,3384.05,2774.773,2770.995,3.778,609.277,434.21,26.967,1229.276,1226.434,469.33,39.502,356.952,31.273,329.377,123.705,205.672,171.255,34.417,2.842,906.865,702.332,204.534,77.299
1991Q1,5973.071,3389.868,2774.065,2770.457,3.608,615.804,444.009,27.137,1247.36,1241.489,454.294,39.753,347.459,32.969,367.014,120.157,246.857,172.201,74.656,5.871,918.971,711.356,207.615,62.107
1991Q2,6034.491,3430.273,2802.805,2798.869,3.936,627.468,451.552,27.213,1250.933,1242.845,442.57,38.655,353.015,35.492,373.113,115.996,257.118,178.938,78.179,8.088,928.946,719.005,209.94,92.371
1991Q3,6098.185,3472.728,2830.887,2826.783,4.104,641.841,461.27,27.504,1253.91,1245.247,437.373,38.483,353.62,39.437,376.335,116.916,259.419,177.974,81.445,8.663,937.781,725.281,212.5,107.752
1991Q4,6155.919,3520.192,2861.159,2856.643,4.516,659.034,471.532,28.098,1248.42,1238.171,417.918,38.666,362.555,46.412,372.62,118.183,254.437,182.098,72.339,10.249,943.873,730.182,213.691,108.621
1992Q1,6284.7,3598.666,2915.852,2911.136,4.716,682.814,476.405,28.575,1290.034,1280.255,412.029,38.625,378.711,50.002,400.887,130.432,270.456,171.844,98.612,9.779,948.169,733.71,214.459,78.403
1992Q2,6375.336,3654.9,2954.982,2950.23,4.752,699.918,481.22,29.224,1313.259,1302.804,404.132,38.363,395.206,57.266,407.837,132.371,275.466,176.536,98.93,10.454,955.181,738.791,216.39,95.427
1992Q3,6427.0,3691.394,2979.434,2974.73,4.704,711.96,485.976,30.392,1316.671,1305.288,394.89,38.88,407.857,64.317,399.344,127.797,271.548,177.265,94.283,11.383,963.352,745.424,217.927,139.64
1992Q4,6532.228,3739.889,3023.755,3018.883,4.872,716.134,489.897,32.161,1360.326,1350.167,392.873,43.012,418.846,70.705,424.73,137.057,287.673,188.248,99.426,10.159,974.276,753.611,220.665,148.575
1993Q1,6546.005,3748.676,3019.044,3014.197,4.847,729.632,489.749,35.468,1356.882,1347.274,400.911,40.204,418.929,80.719,406.511,141.728,264.783,195.856,68.927,9.608,986.166,763.351,222.815,183.454
1993Q2,6664.264,3803.527,3069.757,3064.666,5.091,733.77,497.551,37.558,1403.208,1391.462,391.078,39.302,429.555,86.85,444.677,154.122,290.555,196.384,94.17,11.745,997.536,773.191,224.345,144.675
1993Q3,6717.134,3837.401,3096.91,3091.771,5.139,740.491,504.893,37.688,1403.833,1391.966,384.927,38.7,423.448,92.528,452.362,146.383,305.979,200.403,105.576,11.867,1008.696,783.131,225.565,164.964
1993Q4,6885.13,3892.833,3144.931,3139.448,5.483,747.902,520.314,36.01,1486.393,1473.892,382.725,39.346,440.004,100.221,511.597,177.955,333.642,211.8,121.841,12.501,1021.6,793.171,228.429,128.608
1994Q1,6956.227,3917.304,3156.632,3150.853,5.779,760.672,531.463,33.567,1507.742,1494.909,377.455,40.71,450.23,108.977,517.538,155.921,361.617,210.542,151.075,12.832,1033.285,803.311,229.974,159.425
1994Q2,7098.217,3995.615,3227.404,3221.421,5.983,768.211,544.395,32.376,1543.613,1530.865,384.393,39.702,454.123,113.459,539.188,164.124,375.064,221.685,153.379,12.748,1046.97,815.045,231.925,148.713
1994Q3,7205.842,4035.771,3262.723,3256.732,5.991,773.047,550.51,31.945,1589.236,1576.497,390.237,41.265,456.768,116.286,571.942,180.226,391.716,218.927,172.79,12.739,1062.27,828.373,233.897,125.232
1994Q4,7331.661,4092.136,3315.659,3309.58,6.079,776.477,554.622,32.204,1637.2,1624.896,406.483,41.182,465.457,115.94,595.833,190.414,405.419,230.41,175.009,12.304,1079.907,843.295,236.612,123.628
1995Q1,7401.941,4138.481,3362.141,3355.93,6.211,776.339,555.321,33.964,1642.952,1626.529,408.328,43.617,467.357,118.286,588.94,194.746,394.194,237.017,157.178,16.423,1099.15,859.812,239.339,120.348
1995Q2,7480.96,4176.938,3399.263,3393.012,6.251,777.675,553.593,34.614,1669.291,1653.132,408.9,44.901,471.97,121.577,605.784,191.033,414.751,240.684,174.068,16.159,1115.753,874.785,240.968,100.037
1995Q3,7610.482,4223.789,3442.968,3436.717,6.251,780.821,558.946,35.147,1732.132,1715.54,409.6,45.836,484.461,125.707,649.936,198.026,451.911,259.818,192.093,16.592,1130.762,888.215,242.547,72.644
1995Q4,7696.985,4269.498,3484.076,3477.713,6.363,785.422,563.75,35.523,1755.401,1738.548,407.861,45.511,500.954,133.962,650.261,193.991,456.27,265.578,190.692,16.853,1143.859,900.101,243.758,75.6
1996Q1,7820.26,4318.408,3528.308,3522.262,6.046,790.1,570.417,35.502,1811.361,1794.155,400.673,46.809,523.312,139.519,683.842,201.661,482.181,269.593,212.588,17.206,1155.575,910.444,245.131,48.209
1996Q2,7967.235,4391.572,3594.02,3587.774,6.246,797.552,577.683,35.434,1865.854,1848.469,410.916,48.195,547.499,141.611,700.249,213.391,486.858,275.336,211.521,17.385,1167.56,922.048,245.512,65.605
1996Q3,8066.765,4455.328,3651.335,3645.049,6.286,803.993,581.754,35.193,1882.995,1864.845,418.747,48.922,547.476,143.674,706.026,213.716,492.31,289.339,202.972,18.15,1181.881,934.914,246.967,64.643
1996Q4,8210.113,4518.961,3708.714,3702.068,6.646,810.247,593.156,34.807,1936.593,1918.32,433.215,66.653,556.847,145.315,716.29,216.776,499.514,299.576,199.938,18.273,1196.21,949.041,247.168,49.658
1997Q1,8349.95,4596.567,3780.52,3774.089,6.431,816.047,595.715,34.375,1978.742,1960.845,440.916,46.902,575.562,144.151,753.313,218.202,535.111,300.749,234.362,17.897,1213.302,964.43,248.872,12.705
1997Q2,8474.827,4664.319,3839.988,3833.381,6.607,824.331,610.396,33.647,2002.534,1983.952,448.991,47.357,575.138,144.566,767.9,222.477,545.423,304.248,241.175,18.582,1231.224,979.915,251.31,43.998
1997Q3,8648.935,4743.318,3907.42,3900.685,6.735,835.898,616.58,33.432,2074.663,2056.65,459.137,53.5,588.538,147.383,808.092,234.202,573.891,314.346,259.544,18.013,1247.806,995.497,252.309,13.888
1997Q4,8795.494,4848.68,3997.056,3990.141,6.915,851.624,623.765,33.786,2091.862,2074.04,472.872,52.492,596.593,152.142,799.941,224.167,575.774,331.564,244.209,17.822,1264.973,1011.175,253.798,-29.587
1998Q1,8894.375,4946.382,4079.287,4072.533,6.754,867.095,629.053,33.81,2071.403,2054.552,492.793,58.938,617.383,156.82,728.619,222.144,506.475,339.106,167.369,16.851,1281.346,1026.95,254.396,-27.895
1998Q2,9046.494,5032.752,4149.93,4143.092,6.838,882.822,635.519,35.006,2113.195,2095.97,513.183,60.412,630.197,162.59,729.588,218.937,510.651,347.637,163.014,17.225,1300.034,1043.346,256.688,-76.795
1998Q3,9210.815,5119.465,4222.021,4214.951,7.07,897.444,643.027,36.784,2166.339,2149.091,523.969,62.611,645.417,168.033,749.061,225.457,523.604,342.688,180.916,17.248,1318.769,1060.363,258.406,-89.718
1998Q4,9325.159,5204.208,4293.478,4286.14,7.338,910.73,650.29,39.872,2171.736,2155.564,517.377,74.344,668.108,173.381,722.354,220.682,501.672,348.013,153.659,16.172,1338.797,1078.001,260.796,-31.168
1999Q1,9486.042,5294.986,4372.655,4360.383,12.272,922.331,657.528,42.447,2217.287,2199.477,513.634,65.421,682.44,176.116,761.866,226.471,535.395,333.029,202.365,17.811,1358.687,1096.259,262.428,-74.36
1999Q2,9567.858,5351.497,4416.915,4405.08,11.835,934.582,667.068,45.027,2211.112,2193.803,502.837,67.085,690.222,179.581,754.078,223.551,530.527,335.253,195.274,17.309,1383.208,1117.943,265.264,-41.648
1999Q3,9695.871,5430.455,4480.152,4469.427,10.725,950.302,679.003,46.449,2222.207,2205.379,520.876,67.883,699.488,179.41,737.722,227.61,510.112,317.553,192.559,16.829,1410.656,1143.053,267.603,-9.245
1999Q4,9892.178,5562.791,4590.98,4579.829,11.151,971.811,690.739,46.913,2242.366,2226.999,538.024,70.345,713.256,178.883,726.49,231.911,494.579,348.84,145.738,15.367,1443.195,1171.588,271.607,7.991
2000Q1,10156.063,5756.349,4758.656,4747.099,11.557,997.693,698.55,45.067,2267.262,2252.413,556.201,81.004,720.561,179.83,714.817,243.31,471.508,371.167,100.34,14.849,1478.97,1203.549,275.421,-153.884
2000Q2,10287.356,5799.292,4786.604,4774.663,11.941,1012.688,707.315,45.472,2320.088,2306.469,592.167,84.301,750.678,180.202,699.121,241.71,457.411,390.669,66.742,13.619,1506.133,1227.519,278.614,-39.636
2000Q3,10442.351,5911.457,4878.79,4866.886,11.904,1032.667,711.26,45.819,2340.491,2330.398,623.329,86.337,760.29,182.853,677.589,222.794,454.795,401.453,53.342,10.093,1524.963,1243.499,281.464,-124.186
2000Q4,10501.081,5951.419,4905.668,4893.555,12.113,1045.751,717.097,47.002,2344.723,2337.47,643.246,89.039,782.708,191.016,631.46,225.979,405.481,371.315,34.166,7.253,1534.844,1251.489,283.355,-65.337
2001Q1,10679.421,6057.905,4987.238,4974.952,12.287,1070.666,724.18,55.232,2386.125,2379.878,651.572,98.571,809.975,197.126,622.634,188.597,434.036,362.899,71.138,6.247,1566.444,1281.221,285.223,-209.19
2001Q2,10732.106,6048.79,4969.261,4956.884,12.377,1079.529,724.146,62.013,2427.164,2422.622,654.057,100.197,827.759,202.604,638.004,182.69,455.315,345.389,109.926,4.542,1594.02,1307.093,286.927,-133.106
2001Q3,10718.673,6032.702,4944.066,4931.414,12.652,1088.636,725.338,71.162,2420.215,2411.059,632.554,100.466,845.551,204.794,627.694,162.829,464.865,372.588,92.277,9.156,1611.579,1322.838,288.741,-120.653
2001Q4,10664.415,6045.976,4945.952,4933.241,12.712,1100.024,737.095,46.433,2301.785,2299.099,570.216,97.665,840.938,205.078,585.201,146.475,438.727,367.365,71.362,2.686,1625.991,1335.676,290.315,-3.95
2002Q1,10826.772,6068.74,4953.879,4941.312,12.567,1114.861,744.026,42.574,2419.05,2414.475,547.92,87.839,859.745,207.315,711.657,147.364,564.293,375.592,188.701,4.575,1637.53,1344.964,292.566,-43.273
2002Q2,10967.337,6137.268,5006.446,4993.754,12.692,1130.822,751.293,39.822,2469.347,2463.834,553.025,81.552,864.434,208.855,755.968,153.672,602.296,386.273,216.022,5.513,1649.251,1354.357,294.894,-79.877
2002Q3,11051.742,6165.291,5020.511,5007.544,12.967,1144.78,768.491,41.333,2494.89,2484.465,547.821,77.463,873.009,207.677,778.494,161.806,616.688,363.537,253.151,10.424,1664.403,1367.028,297.375,-67.702
2002Q4,11197.272,6202.172,5035.549,5022.485,13.064,1166.623,776.312,41.856,2579.903,2570.123,552.417,76.168,883.355,209.946,848.237,179.853,668.384,392.372,276.013,9.78,1680.74,1380.933,299.807,-135.84
2003Q1,11245.795,6221.885,5035.694,5022.351,13.342,1186.191,788.612,47.12,2587.39,2580.31,544.685,77.822,876.295,218.701,862.807,199.942,662.865,372.099,290.765,7.08,1695.027,1392.296,302.731,-71.666
2003Q2,11377.023,6315.763,5109.829,5096.694,13.135,1205.935,799.992,57.14,2609.614,2603.942,521.359,75.585,892.397,223.194,891.407,196.456,694.951,447.368,247.584,5.672,1708.794,1403.422,305.372,-64.257
2003Q3,11565.399,6402.369,5177.406,5164.052,13.354,1224.963,812.991,45.922,2670.249,2666.035,515.709,75.74,905.261,227.513,941.813,217.65,724.163,418.902,305.261,4.214,1725.713,1417.187,308.525,1.27
2003Q4,11734.357,6509.165,5264.906,5251.293,13.613,1244.258,820.869,46.047,2703.513,2699.996,493.336,75.042,916.086,238.98,976.552,241.006,735.546,453.443,282.103,3.517,1746.857,1434.954,311.902,37.878
2004Q1,11916.004,6550.843,5283.996,5269.729,14.267,1266.847,847.322,44.242,2788.094,2786.093,451.682,80.273,946.564,243.0,1064.574,251.408,813.166,488.875,324.291,2.001,1773.987,1458.098,315.889,7.444
2004Q2,12148.492,6678.479,5390.75,5376.006,14.744,1287.728,859.898,43.662,2850.168,2849.023,449.415,79.672,963.037,243.418,1113.482,271.582,841.9,485.537,356.363,1.145,1803.609,1482.431,321.177,-35.677
2004Q3,12376.076,6813.4,5502.469,5488.035,14.434,1310.931,871.333,45.378,2901.575,2902.086,458.651,78.496,964.199,241.8,1158.94,292.736,866.204,481.47,384.734,-0.511,1835.146,1507.71,327.436,-70.769
2004Q4,12540.611,6874.482,5546.092,5531.347,14.744,1328.391,893.838,52.263,2949.941,2951.155,476.402,89.409,977.78,242.912,1164.652,298.32,866.332,614.192,252.14,-1.215,1874.613,1540.247,334.366,-13.397
2005Q1,12750.057,6937.715,5586.072,5569.834,16.238,1351.642,915.059,56.729,3042.411,3044.498,511.613,84.154,957.11,233.687,1257.935,375.747,882.188,454.663,427.525,-2.086,1911.601,1572.415,339.186,17.229
2005Q2,12964.763,7017.127,5649.387,5633.053,16.333,1367.74,937.317,60.694,3122.044,3124.988,556.532,96.497,963.936,231.156,1276.867,363.962,912.905,402.968,509.937,-2.943,1948.969,1603.872,345.097,-42.107
2005Q3,13180.576,7134.214,5749.835,5733.465,16.369,1384.379,952.103,61.986,3166.569,3171.011,590.198,92.038,988.041,213.554,1287.181,370.249,916.932,245.325,671.607,-4.442,1989.675,1637.912,351.763,-37.934
2005Q4,13489.392,7221.831,5826.679,5809.979,16.7,1395.152,965.272,64.234,3332.563,3336.888,638.176,89.876,1007.478,206.026,1395.332,409.037,986.295,170.614,815.682,-4.326,2033.96,1676.323,357.637,-165.188
2006Q1,13795.893,7391.39,5983.062,5966.347,16.715,1408.329,981.844,55.729,3407.96,3410.282,644.154,76.709,1049.502,194.509,1445.408,421.381,1024.028,574.094,449.934,-2.322,2070.428,1708.101,362.327,-196.733
2006Q2,13973.084,7439.589,6024.19,6007.57,16.62,1415.399,991.688,51.546,3486.258,3491.025,726.186,76.301,1052.043,183.436,1453.058,432.634,1020.424,584.756,435.668,-4.767,2107.094,1737.794,369.3,-219.66
2006Q3,14125.037,7498.469,6073.028,6056.805,16.223,1425.441,1004.102,49.886,3531.244,3538.419,723.389,82.7,1048.75,177.791,1505.789,451.289,1054.5,646.458,408.042,-7.175,2141.108,1765.919,375.189,-254.849
2006Q4,14207.487,7635.573,6192.991,6175.958,17.033,1442.582,1010.524,48.708,3432.068,3441.424,714.65,83.562,1053.184,168.742,1421.286,415.282,1006.004,746.446,259.558,-9.356,2178.031,1795.551,382.479,-167.927
2007Q1,14341.982,7816.971,6354.735,6338.564,16.171,1462.236,1025.852,49.499,3333.983,3345.859,752.06,97.82,1017.222,162.476,1316.281,418.619,897.662,662.013,235.649,-11.876,2214.675,1823.717,390.958,-126.331
2007Q2,14511.372,7856.222,6381.396,6365.127,16.269,1474.826,1033.08,58.181,3439.323,3451.586,830.011,95.081,998.504,180.253,1347.737,413.306,934.431,668.019,266.412,-12.263,2240.928,1843.831,397.097,-109.289
2007Q3,14465.128,7895.385,6407.743,6392.332,15.411,1487.643,1035.796,55.913,3324.258,3336.507,828.14,98.48,987.098,193.632,1229.157,376.508,852.649,697.274,155.375,-12.249,2265.601,1862.279,403.322,98.989
2007Q4,14529.241,7988.896,6485.268,6468.668,16.6,1503.628,1052.587,54.744,3252.706,3267.802,843.819,97.608,978.763,208.675,1138.936,358.695,780.242,684.138,96.103,-15.096,2289.796,1879.944,409.852,185.817
2008Q1,14574.086,8067.816,6552.34,6534.05,18.29,1515.476,1045.748,51.941,3192.668,3208.771,828.794,111.964,964.96,249.248,1053.805,297.984,755.821,668.865,86.956,-16.103,2319.795,1902.823,416.972,132.452
2008Q2,14617.898,8066.295,6544.069,6527.291,16.778,1522.226,1054.693,51.66,3201.371,3218.489,837.486,105.541,967.537,280.963,1026.962,285.23,741.732,685.238,56.493,-17.118,2347.2,1923.79,423.41,247.803
2008Q3,14711.004,8085.25,6558.017,6541.771,16.247,1527.232,1058.494,52.0,3243.221,3260.309,884.027,105.628,957.217,305.248,1008.189,270.65,737.539,654.489,83.051,-17.088,2376.04,1945.696,430.344,187.994
2008Q4,14411.662,8055.357,6529.371,6511.813,17.558,1525.986,1040.028,54.626,2978.088,2994.69,856.801,127.991,951.502,325.642,732.754,169.81,562.945,634.815,-71.87,-16.602,2392.814,1955.462,437.352,196.547
2009Q1,14162.551,7739.385,6234.589,6219.894,14.695,1504.796,1015.911,55.357,3075.172,3090.781,776.05,120.888,913.805,326.526,953.512,171.977,781.535,603.223,178.312,-15.61,2387.44,1946.806,440.635,268.35
2009Q2,14188.354,7770.265,6262.793,6248.757,14.036,1507.472,1017.312,55.465,3087.187,3101.428,719.411,140.736,902.034,335.906,1003.34,195.331,808.009,544.069,263.94,-14.241,2369.055,1927.499,441.556,192.883
2009Q3,14263.641,7754.474,6245.162,6231.445,13.717,1509.312,1028.752,67.069,3188.502,3202.064,669.74,118.224,935.014,355.89,1123.196,206.414,916.782,450.678,466.104,-13.562,2358.981,1916.355,442.626,185.241
2009Q4,14530.841,7804.64,6286.581,6273.383,13.198,1518.059,1045.298,55.499,3366.773,3381.583,659.758,120.622,1001.652,372.046,1227.505,242.01,985.495,468.358,517.137,-14.81,2369.629,1923.377,446.252,120.407
2010Q1,14652.508,7774.624,6240.243,6227.341,12.902,1534.381,1044.645,54.794,3513.481,3529.764,646.243,126.022,1057.125,404.881,1295.493,256.34,1039.153,484.751,554.402,-16.282,2374.551,1924.246,450.305,112.103
2010Q2,14865.717,7918.168,6368.23,6354.758,13.472,1549.938,1062.14,55.491,3558.175,3576.63,621.6,122.725,1103.464,428.875,1299.966,262.247,1037.719,478.113,559.606,-18.455,2382.725,1927.477,455.248,114.476
2010Q3,15136.173,7990.231,6430.527,6416.587,13.94,1559.704,1069.075,56.001,3741.094,3760.651,584.241,129.358,1128.991,442.603,1475.458,279.18,1196.278,537.723,658.555,-19.556,2391.773,1932.699,459.075,5.434
2010Q4,15263.709,8048.854,6481.441,6467.634,13.807,1567.413,1076.434,56.948,3782.853,3802.743,588.956,127.205,1144.435,458.324,1483.823,291.302,1192.521,557.598,634.924,-19.889,2412.516,1948.534,463.982,45.765
2011Q1,15358.947,8177.679,6584.872,6571.185,13.687,1592.807,1091.504,58.877,3711.409,3730.891,591.599,145.512,1181.207,489.126,1323.447,285.121,1038.326,601.591,436.736,-19.482,2437.233,1967.536,469.697,-7.499
2011Q2,15573.082,8214.104,6615.89,6602.121,13.769,1598.214,1105.484,59.902,3849.809,3868.118,580.475,130.516,1211.868,501.353,1443.907,285.113,1158.794,620.945,537.849,-18.309,2463.587,1988.608,474.979,-15.544
2011Q3,15700.283,8295.333,6689.659,6675.489,14.17,1605.674,1103.878,60.169,3873.665,3891.209,553.859,128.038,1252.105,510.06,1447.146,256.38,1190.766,646.025,544.741,-17.544,2487.576,2007.406,480.17,-52.603
2011Q4,15863.772,8248.936,6645.66,6631.513,14.146,1603.276,1114.028,61.083,4052.834,4068.864,573.64,116.422,1268.165,525.626,1585.011,296.439,1288.572,663.77,624.803,-16.031,2509.057,2025.284,483.773,-21.513
2012Q1,16274.824,8464.321,6844.206,6830.193,14.013,1620.114,1130.876,58.394,4199.752,4214.397,621.629,108.356,1297.683,526.776,1659.954,319.888,1340.066,712.521,627.545,-14.645,2538.27,2049.672,488.598,-206.019
2012Q2,16379.664,8512.111,6884.319,6869.773,14.546,1627.792,1133.897,58.058,4227.82,4241.789,640.974,97.1,1308.658,532.464,1662.593,334.239,1328.354,704.919,623.435,-13.969,2563.894,2071.312,492.582,-172.549
2012Q3,16329.29,8554.266,6914.235,6899.714,14.521,1640.032,1131.325,56.306,4109.857,4123.002,569.003,86.507,1286.792,536.081,1644.617,341.719,1302.898,710.363,592.536,-13.145,2590.148,2094.302,495.846,-9.749
2012Q4,16646.696,8770.786,7101.772,7087.607,14.165,1669.014,1148.362,59.391,4177.028,4189.852,608.263,90.166,1306.555,542.554,1642.314,342.509,1299.805,933.769,366.037,-12.824,2609.909,2112.463,497.446,-226.277
2013Q1,16711.465,8740.945,7052.213,7037.343,14.869,1688.733,1175.409,59.388,4221.287,4233.938,562.264,96.964,1339.638,562.28,1672.79,360.544,1312.246,714.504,597.741,-12.65,2633.212,2133.956,499.255,-63.275
2013Q2,16848.772,8828.114,7111.514,7096.329,15.185,1716.599,1179.354,60.106,4237.058,4251.035,543.393,101.653,1364.139,576.295,1665.555,357.162,1308.393,940.16,368.233,-13.977,2664.353,2161.382,502.971,-120.085
2013Q3,16946.988,8854.208,7121.511,7106.185,15.327,1732.697,1190.191,59.966,4267.781,4282.002,551.903,102.272,1363.124,588.613,1676.09,364.32,1311.771,866.799,444.972,-14.221,2694.774,2188.238,506.536,6.85
2013Q4,17134.661,8951.284,7205.135,7189.667,15.468,1746.15,1198.34,59.42,4310.382,4324.107,553.427,128.309,1340.054,587.559,1714.757,367.645,1347.112,914.102,433.011,-13.725,2734.074,2222.795,511.279,57.358
2014Q1,17313.351,9123.341,7367.727,7352.133,15.594,1755.614,1215.936,58.698,4258.046,4268.36,559.952,113.706,1349.446,594.956,1650.3,403.576,1246.724,883.001,363.723,-10.315,2774.727,2259.701,515.026,-115.614
2014Q2,17652.741,9181.919,7418.852,7402.883,15.969,1763.067,1234.846,58.475,4492.656,4501.61,575.304,118.343,1376.742,599.082,1832.139,425.035,1407.104,899.831,507.273,-8.953,2801.795,2284.761,517.035,-134.233
2014Q3,17928.908,9290.227,7512.63,7496.499,16.131,1777.597,1245.624,58.183,4613.211,4621.01,596.602,177.269,1381.932,600.292,1864.915,397.515,1467.4,884.527,582.873,-7.799,2838.028,2318.146,519.883,-124.679
2014Q4,18101.313,9443.131,7643.904,7627.8,16.104,1799.227,1254.442,57.002,4596.551,4603.383,614.913,132.579,1371.742,599.679,1884.47,401.432,1483.038,925.726,557.312,-6.831,2864.191,2342.792,521.398,-189.234
2015Q1,18212.948,9573.603,7755.938,7739.614,16.324,1817.665,1259.103,55.995,4545.031,4549.484,632.318,124.316,1356.127,588.811,1847.912,413.74,1434.172,969.922,464.25,-4.454,2891.206,2368.143,523.063,-149.418
2015Q2,18381.066,9676.041,7840.672,7824.202,16.471,1835.369,1270.87,56.442,4577.734,4581.303,672.871,133.69,1339.92,603.074,1831.749,419.419,1412.33,923.927,488.403,-3.569,2912.862,2388.297,524.566,-101.282
2015Q3,18460.774,9762.001,7913.262,7896.396,16.866,1848.739,1275.845,57.676,4543.779,4545.948,673.226,135.027,1352.322,606.368,1779.005,391.381,1387.624,966.022,421.603,-2.169,2936.825,2410.596,526.229,-59.148
2015Q4,18497.179,9826.496,7968.523,7951.404,17.119,1857.973,1287.997,58.654,4490.48,4491.675,666.352,222.603,1342.52,607.153,1653.046,359.961,1293.086,1003.827,289.258,-1.195,2950.86,2424.423,526.437,-62.042
2016Q1,18592.063,9862.415,8003.469,7986.229,17.239,1858.946,1292.489,60.689,4536.416,4536.856,669.733,161.419,1335.886,611.984,1757.834,374.566,1383.268,1003.474,379.794,-0.44,2961.432,2434.792,526.64,-66.13
2016Q2,18630.413,9916.161,8050.156,8032.815,17.342,1866.004,1297.521,62.38,4484.193,4486.714,658.738,166.165,1333.965,619.124,1708.721,378.423,1330.297,970.895,359.402,-2.521,2994.919,2463.558,531.361,81.289
2016Q3,18800.88,10009.604,8130.424,8113.039,17.384,1879.18,1320.127,62.998,4513.903,4516.557,662.073,147.747,1355.867,619.876,1730.994,386.504,1344.491,901.022,443.468,-2.655,3020.245,2486.328,533.917,91.759
2016Q4,18984.656,10120.203,8224.858,8207.553,17.305,1895.345,1326.366,60.924,4543.172,4546.174,676.354,174.717,1371.136,623.91,1700.056,364.643,1335.413,939.535,395.878,-3.001,3055.839,2517.644,538.195,104.723
2017Q1,19237.015,10234.606,8321.309,8304.743,16.566,1913.297,1336.928,59.353,4635.425,4639.601,719.38,155.911,1409.373,633.854,1721.084,278.867,1442.217,1040.94,401.277,-4.176,3089.409,2547.047,542.362,43.069
2017Q2,19405.93,10346.597,8412.804,8395.824,16.979,1933.793,1353.479,58.042,4634.921,4639.446,715.577,146.284,1419.731,634.271,1723.584,291.112,1432.472,1080.793,351.679,-4.525,3128.974,2581.985,546.989,32.713
2017Q3,19601.627,10489.187,8529.079,8511.871,17.209,1960.108,1371.965,61.912,4631.928,4636.377,721.18,129.494,1423.933,643.753,1718.016,309.673,1408.344,980.84,427.504,-4.449,3170.459,2618.064,552.396,90.967
2017Q4,19932.229,10669.524,8676.874,8659.813,17.061,1992.65,1393.513,60.192,4722.414,4726.274,725.84,140.013,1461.5,656.233,1742.688,308.972,1433.716,1071.396,362.321,-3.86,3206.97,2649.166,557.804,104.858
2018Q1,20204.957,10793.16,8772.662,8755.774,16.888,2020.498,1423.291,58.705,4797.737,4800.907,746.232,146.597,1472.227,663.498,1772.353,282.439,1489.914,14.127,1475.788,-3.17,3249.473,2684.573,564.9,123.596
2018Q2,20470.2,10901.138,8853.506,8836.491,17.015,2047.632,1440.928,58.236,4891.18,4894.145,753.782,145.723,1479.569,669.037,1846.034,301.972,1544.062,388.959,1155.103,-2.965,3295.191,2722.285,572.906,110.712
2018Q3,20760.836,11052.538,8979.529,8962.004,17.525,2073.009,1463.593,57.831,4968.099,4972.549,752.051,172.041,1499.864,679.784,1868.808,299.402,1569.406,801.711,767.695,-4.45,3334.438,2755.788,578.65,37.894
2018Q4,20936.314,11123.918,9034.733,9017.261,17.472,2089.185,1500.564,78.508,5019.029,5026.81,773.52,158.881,1529.663,673.633,1891.113,305.881,1585.232,471.024,1114.208,-7.781,3371.311,2786.558,584.753,-18.447
2019Q1,21211.258,11340.453,9233.277,9214.947,18.33,2107.177,1508.328,69.054,5013.214,5026.52,772.025,170.691,1533.982,674.44,1875.383,283.093,1592.29,871.148,721.142,-13.307,3418.317,2828.049,590.268,-99.658
2019Q2,21369.395,11400.573,9285.008,9266.291,18.718,2115.565,1520.2,58.87,5044.702,5059.621,770.067,164.621,1535.592,682.8,1906.54,295.889,1610.651,886.652,723.999,-14.919,3462.789,2866.981,595.808,28.543
2019Q3,21557.692,11465.005,9340.972,9321.951,19.021,2124.033,1553.58,81.198,5120.509,5133.455,736.816,167.456,1570.867,690.231,1968.085,294.243,1673.842,910.895,762.946,-12.946,3499.797,2899.226,600.571,159.479
2019Q4,21793.424,11627.855,9488.76,9469.189,19.571,2139.095,1552.419,82.703,5166.693,5174.084,739.178,142.815,1582.66,706.257,2003.175,315.554,1687.621,1082.395,605.226,-7.39,3529.16,2924.558,604.601,139.794
2020Q1,21753.36,11788.802,9636.601,9620.556,16.045,2152.201,1555.343,80.661,4920.142,4920.904,730.215,134.54,1583.418,729.239,1743.493,269.338,1474.154,971.212,502.942,-0.762,3569.734,2961.668,608.066,-2.123
2020Q2,19785.283,11058.708,9004.818,8991.539,13.279,2053.891,1417.925,1032.43,4741.509,4743.25,768.561,135.883,1429.455,736.238,1673.111,280.928,1392.184,1174.677,217.507,-1.741,3599.571,2986.862,612.709,173.008
2020Q3,21278.878,11577.348,9441.454,9427.689,13.764,2135.895,1540.311,1163.937,5689.675,5696.842,748.322,153.573,1710.708,752.498,2331.741,351.852,1979.889,1255.527,724.362,-7.168,3635.481,3015.674,619.807,425.558
2020Q4,22201.274,11998.133,9808.923,9794.281,14.642,2189.211,1571.481,517.003,5462.05,5464.628,757.415,160.321,1674.448,755.736,2116.707,342.119,1774.588,1268.244,506.344,-2.578,3686.612,3058.68,627.932,-114.114
2021Q1,22666.12,12099.868,9888.91,9871.6,17.31,2210.958,1601.675,536.797,5768.348,5778.488,736.093,169.695,1699.759,754.372,2418.569,374.329,2044.24,1354.277,689.963,-10.14,3733.026,3096.071,636.955,14.573
2021Q2,23341.793,12414.481,10181.261,10163.614,17.647,2233.22,1704.535,846.811,6254.648,6268.422,691.178,186.741,1848.911,769.971,2771.62,452.428,2319.192,1549.717,769.475,-13.774,3814.94,3164.185,650.755,84.117
2021Q3,23960.834,12715.652,10462.419,10443.415,19.004,2253.232,1720.511,690.304,6301.569,6312.419,678.337,201.253,1870.426,782.632,2779.772,486.645,2293.126,1604.298,688.829,-10.85,3913.406,3248.425,664.98,21.544
2021Q4,24782.51,13048.221,10772.038,10752.897,19.141,2276.183,1773.621,430.375,6369.262,6378.224,686.568,215.005,1855.551,799.901,2821.198,562.1,2259.098,1669.83,589.267,-8.962,4021.781,3338.745,683.036,31.09
2022Q1,25355.538,13197.429,10910.487,10884.481,26.006,2286.941,1804.925,151.66,6353.835,6359.533,713.901,222.278,1835.997,818.606,2768.751,584.26,2184.491,1660.117,524.374,-5.698,4151.009,3448.243,702.766,-105.191
2022Q2,25911.036,13312.321,11013.315,10987.205,26.11,2299.006,1843.376,130.091,6612.524,6623.33,716.658,265.038,1849.479,860.369,2931.787,604.585,2327.202,1661.933,665.269,-10.806,4272.906,3549.299,723.607,-49.744
2022Q3,26428.685,13630.563,11297.004,11270.344,26.659,2333.56,1851.121,119.079,6694.06,6711.641,670.375,260.808,1889.057,887.162,3004.24,601.046,2403.194,1575.368,827.826,-17.582,4372.02,3632.373,739.646,-92.381
2022Q4,26524.802,13708.554,11345.619,11318.393,27.226,2362.935,1838.466,111.147,6655.366,6685.327,655.005,263.195,1901.143,918.289,2947.695,612.382,2335.313,1680.806,654.507,-29.961,4433.563,3683.59,749.973,245.712
2023Q1,26980.543,13908.829,11499.758,11471.077,28.681,2409.071,1844.856,104.042,6833.079,6873.168,680.457,232.914,1933.796,965.485,3060.515,608.088,2452.427,1638.935,813.492,-40.089,4497.821,3737.296,760.525,235.902
2023Q2,27229.058,14113.671,11662.736,11633.259,29.478,2450.935,1844.461,101.998,6830.154,6878.239,670.332,225.391,1931.691,998.019,3052.805,600.896,2451.909,1681.219,770.69,-48.084,4542.77,3775.865,766.905,300.997
2023Q3,27615.625,14355.547,11857.225,11827.692,29.533,2498.322,1865.055,104.241,6906.5,6956.474,607.499,239.978,1943.09,1012.853,3153.053,612.265,2540.788,1803.405,737.382,-49.974,4592.763,3819.308,773.455,459.221
2023Q4,28117.423,14535.463,11993.86,11964.01,29.85,2541.603,1889.68,98.728,7141.472,7190.998,631.23,256.307,1959.256,1033.579,3310.625,630.791,2679.835,1841.054,838.78,-49.526,4649.537,3869.04,780.496,307.299
2024Q1,28468.437,14760.769,12170.615,12140.64,29.975,2590.154,1921.71,95.709,7186.93,7234.81,636.902,302.227,1982.888,1069.014,3243.778,661.603,2582.175,1937.532,644.642,-47.88,4694.737,3906.004,788.733,239.724
2024Q2,28861.12,14965.578,12339.054,12308.521,30.532,2626.524,1943.205,93.717,7283.935,7331.512,623.005,282.196,2013.245,1069.665,3343.401,682.519,2660.882,1776.435,884.447,-47.577,4762.119,3964.249,797.87,285.924
2024Q3,29117.284,15138.339,12481.008,12449.896,31.112,2657.331,1965.861,92.815,7271.763,7317.932,578.888,287.438,2031.727,1077.265,3342.615,677.236,2665.379,1890.48,774.899,-46.169,4834.135,4025.242,808.893,394.379
2024Q4,29560.027,15331.807,12649.29,12617.81,31.48,2682.517,1987.964,94.717,7439.167,7487.38,605.559,273.859,2064.46,1096.651,3446.851,700.007,2746.844,1915.568,831.276,-48.212,4895.805,4076.134,819.672,265.155
2025Q1,29895.65,15533.625,12811.427,12779.722,31.705,2722.198,2014.357,107.697,7512.182,7560.504,628.483,276.116,2103.269,1115.588,3437.048,670.431,2766.617,1833.128,933.489,-48.322,4943.183,4112.407,830.776,146.463
2025Q2,30335.845,15724.309,12968.126,12936.149,31.977,2756.183,2203.114,119.97,7533.589,7586.019,629.204,274.248,2105.15,1119.216,3458.201,670.256,2787.945,1578.528,1209.417,-52.43,4994.803,4154.161,840.642,149.885
2025Q3,30706.517,15777.487,12995.268,12963.689,31.58,2782.219,2289.609,124.163,7649.533,7702.424,609.031,293.616,2114.684,1111.074,3574.019,693.412,2880.607,1657.211,1223.395,-52.891,5114.05,4259.563,854.487,388.572
