Time,Gross domestic product,Personal consumption expenditures,Goods,Durable goods,Nondurable goods,Services,Gross private domestic investment,Fixed investment,Nonresidential,Structures,Equipment,Intellectual property products,Residential,Exports,Goods.1,Services.1,Imports,Goods.2,Services.2,Government consumption expenditures and gross investment,Federal,National defense,Nondefense,State and local
1947Q1,11.148,11.557,22.699,51.892,14.928,7.029,15.866,14.837,19.181,5.236,35.341,22.342,7.186,19.531,23.63,12.83,13.931,13.979,13.358,7.184,9.668,9.616,9.134,5.186
1947Q2,11.3,11.649,22.917,52.369,15.074,7.068,16.473,15.396,19.763,5.303,36.836,22.569,7.584,20.977,25.882,12.272,14.912,15.327,13.279,7.166,9.555,9.572,8.691,5.268
1947Q3,11.478,11.866,23.267,52.662,15.346,7.237,17.022,15.781,20.284,5.489,37.664,23.036,7.751,22.045,27.531,11.986,15.711,16.413,13.283,7.029,9.169,8.825,9.752,5.38
1947Q4,11.714,12.162,23.88,53.348,15.81,7.401,17.227,16.105,20.652,5.673,38.013,23.561,7.943,22.589,28.367,11.89,16.247,17.137,13.36,7.118,9.184,8.82,9.905,5.552
1948Q1,11.849,12.297,24.223,53.756,16.07,7.444,17.448,16.265,20.762,5.824,37.805,23.622,8.085,22.732,28.548,11.986,16.626,17.505,13.761,7.252,9.259,9.04,9.304,5.757
1948Q2,11.989,12.424,24.482,54.461,16.23,7.518,17.823,16.62,21.343,5.984,38.916,24.015,8.173,22.61,28.35,12.06,16.682,17.561,13.831,7.35,9.336,9.187,9.143,5.883
1948Q3,12.198,12.614,24.859,56.356,16.388,7.631,18.313,17.124,22.074,6.138,40.532,24.361,8.36,22.343,27.925,12.157,16.518,17.341,13.824,7.497,9.433,9.327,9.116,6.094
1948Q4,12.193,12.574,24.673,56.459,16.218,7.659,18.418,17.309,22.373,6.195,41.266,24.254,8.405,21.997,27.382,12.245,16.253,17.004,13.747,7.543,9.439,9.367,9.025,6.188
1949Q1,12.153,12.475,24.368,56.269,15.971,7.654,18.363,17.278,22.22,6.09,41.205,24.189,8.471,21.608,26.791,12.296,15.887,16.592,13.511,7.658,9.735,9.538,9.668,6.123
1949Q2,12.078,12.399,24.091,55.9,15.766,7.669,18.33,17.254,22.186,6.006,41.451,24.111,8.461,21.206,26.175,12.365,15.722,16.397,13.414,7.608,9.726,9.51,9.717,6.027
1949Q3,11.991,12.327,23.812,55.22,15.587,7.694,18.139,17.067,22.101,5.975,41.313,24.064,8.264,20.871,25.666,12.406,15.654,16.316,13.363,7.563,9.648,9.458,9.573,6.013
1949Q4,11.988,12.317,23.671,55.154,15.469,7.749,18.062,17.005,21.972,5.987,40.855,24.055,8.268,20.646,25.318,12.449,15.715,16.403,13.348,7.629,9.833,9.617,9.829,5.973
1950Q1,11.954,12.297,23.544,54.986,15.371,7.781,18.039,17.002,21.998,5.975,40.982,24.058,8.256,20.311,24.837,12.413,16.009,16.861,13.223,7.625,9.891,9.654,9.953,5.916
1950Q2,12.004,12.356,23.674,55.408,15.442,7.81,18.306,17.276,22.211,5.956,41.674,24.322,8.468,20.351,24.873,12.468,16.35,17.299,13.324,7.594,9.778,9.603,9.69,5.956
1950Q3,12.254,12.614,24.257,56.176,15.885,7.93,18.815,17.76,22.681,6.084,42.544,24.858,8.79,20.539,25.127,12.526,16.877,17.966,13.49,7.736,9.894,9.813,9.48,6.124
1950Q4,12.45,12.839,24.768,57.103,16.249,8.031,19.236,18.093,23.428,6.342,43.779,25.437,8.775,20.917,25.656,12.598,17.661,18.95,13.705,7.803,9.841,9.846,9.059,6.3
1951Q1,12.871,13.247,25.777,59.215,16.935,8.178,19.933,18.691,24.203,6.598,45.164,25.717,9.062,22.158,27.411,12.803,19.129,20.811,14.095,8.146,10.342,10.116,10.562,6.513
1951Q2,12.945,13.353,25.998,59.609,17.088,8.238,20.245,18.973,24.615,6.759,45.736,26.119,9.167,22.966,28.524,13.013,20.158,22.188,14.243,8.09,10.149,9.939,10.216,6.622
1951Q3,12.987,13.371,25.962,59.632,17.052,8.282,20.331,19.121,24.836,6.871,45.943,26.342,9.216,23.635,29.406,13.278,20.742,23.025,14.304,8.147,10.176,9.957,10.247,6.737
1951Q4,13.158,13.548,26.273,60.207,17.268,8.408,20.516,19.316,25.101,6.935,46.488,26.561,9.301,24.022,29.869,13.54,20.825,23.21,14.273,8.26,10.326,10.105,10.365,6.821
1952Q1,13.175,13.606,26.336,60.618,17.285,8.467,20.585,19.404,25.21,6.993,46.634,26.453,9.348,23.422,28.948,13.596,19.976,21.79,14.516,8.184,10.189,9.914,10.708,6.829
1952Q2,13.225,13.603,26.184,59.904,17.22,8.534,20.648,19.491,25.269,6.97,46.914,26.445,9.429,23.35,28.733,13.828,19.652,21.412,14.356,8.285,10.315,10.042,10.824,6.915
1952Q3,13.325,13.692,26.281,60.524,17.25,8.624,20.667,19.527,25.209,6.955,46.755,26.555,9.519,23.304,28.572,14.029,19.308,20.999,14.182,8.382,10.399,10.12,10.951,7.059
1952Q4,13.372,13.715,26.212,59.103,17.322,8.69,20.579,19.492,25.224,6.969,46.727,26.613,9.461,23.271,28.45,14.187,18.99,20.631,13.982,8.469,10.551,10.27,11.096,7.053
1953Q1,13.385,13.766,26.19,59.678,17.247,8.78,20.556,19.516,25.261,6.99,46.696,26.859,9.467,23.364,28.545,14.283,18.824,20.453,13.845,8.414,10.418,10.117,11.151,7.124
1953Q2,13.417,13.786,26.114,59.746,17.174,8.846,20.646,19.627,25.465,7.089,46.928,26.969,9.478,23.323,28.45,14.354,18.64,20.265,13.684,8.431,10.458,10.146,11.266,7.102
1953Q3,13.467,13.861,26.11,59.363,17.21,8.961,20.796,19.781,25.656,7.181,47.151,27.046,9.56,23.248,28.336,14.353,18.555,20.211,13.562,8.407,10.42,10.085,11.392,7.1
1953Q4,13.507,13.921,26.117,59.479,17.205,9.05,20.739,19.735,25.618,7.17,47.059,27.044,9.522,23.15,28.21,14.308,18.558,20.268,13.489,8.438,10.484,10.151,11.434,7.084
1954Q1,13.564,13.991,26.235,59.953,17.262,9.102,20.774,19.75,25.721,7.071,47.788,27.198,9.471,23.041,28.074,14.249,18.771,20.521,13.613,8.491,10.593,10.287,11.335,7.059
1954Q2,13.589,13.972,26.134,58.447,17.319,9.119,20.85,19.823,25.832,7.0,48.512,27.154,9.498,22.958,27.984,14.175,18.857,20.665,13.61,8.575,10.641,10.323,11.461,7.219
1954Q3,13.577,13.926,25.948,57.489,17.25,9.135,20.834,19.821,25.663,7.003,47.908,27.162,9.608,22.912,27.935,14.131,18.977,20.862,13.608,8.633,10.72,10.417,11.419,7.257
1954Q4,13.595,13.912,25.816,57.154,17.169,9.175,20.841,19.837,25.703,7.012,47.998,27.174,9.605,22.907,27.931,14.124,18.991,20.892,13.598,8.706,10.821,10.522,11.474,7.301
1955Q1,13.646,13.957,25.853,57.51,17.169,9.227,20.843,19.85,25.657,7.031,47.612,27.625,9.648,22.976,28.01,14.179,18.756,20.611,13.461,8.75,10.939,10.61,11.778,7.249
1955Q2,13.722,13.971,25.83,57.792,17.12,9.26,20.971,19.981,25.799,7.088,47.821,27.703,9.729,23.076,28.141,14.217,18.768,20.644,13.445,8.9,11.2,10.875,11.983,7.279
1955Q3,13.816,14.026,25.916,58.342,17.137,9.304,21.219,20.221,26.191,7.185,48.678,27.878,9.795,23.196,28.305,14.252,18.805,20.698,13.452,8.994,11.28,11.01,11.699,7.403
1955Q4,13.908,14.064,25.922,58.497,17.126,9.359,21.494,20.481,26.71,7.345,49.685,28.067,9.801,23.356,28.526,14.293,18.862,20.764,13.488,9.102,11.414,11.146,11.798,7.493
1956Q1,14.045,14.122,25.995,58.72,17.167,9.413,21.936,20.901,27.432,7.67,50.594,28.454,9.882,23.538,28.821,14.24,18.916,20.829,13.523,9.252,11.566,11.319,11.784,7.664
1956Q2,14.177,14.217,26.188,58.846,17.327,9.467,22.174,21.128,27.67,7.646,51.419,28.755,10.033,23.782,29.148,14.325,19.063,21.009,13.603,9.395,11.759,11.505,12.006,7.764
1956Q3,14.334,14.356,26.473,59.697,17.493,9.546,22.543,21.479,28.333,7.853,52.673,29.049,10.049,24.051,29.489,14.458,19.178,21.13,13.689,9.481,11.819,11.569,12.027,7.894
1956Q4,14.422,14.44,26.623,60.476,17.546,9.605,22.707,21.638,28.699,7.931,53.521,29.244,10.005,24.33,29.811,14.664,19.359,21.373,13.76,9.534,11.859,11.625,11.948,7.97
1957Q1,14.587,14.57,26.86,60.962,17.708,9.693,22.922,21.844,29.132,8.016,54.541,29.551,9.976,24.665,30.149,15.035,19.443,21.408,13.9,9.702,12.117,11.88,12.197,8.049
1957Q2,14.69,14.662,27.065,61.805,17.804,9.738,23.015,21.942,29.289,8.117,54.567,29.733,10.0,24.851,30.314,15.295,19.456,21.423,13.908,9.798,12.204,11.945,12.437,8.169
1957Q3,14.803,14.781,27.276,61.799,17.994,9.821,23.157,22.09,29.485,8.16,54.997,29.905,10.068,24.923,30.345,15.467,19.341,21.262,13.868,9.859,12.29,12.04,12.427,8.208
1957Q4,14.89,14.858,27.371,61.919,18.066,9.894,23.24,22.181,29.706,8.14,55.825,29.984,10.03,24.891,30.277,15.509,19.148,20.999,13.797,9.94,12.447,12.172,12.744,8.209
1958Q1,15.015,15.041,27.819,63.02,18.353,9.967,23.044,22.005,29.429,7.919,55.75,30.337,9.984,24.646,29.98,15.356,18.692,20.381,13.625,10.007,12.589,12.309,12.906,8.2
1958Q2,15.079,15.069,27.833,62.766,18.388,10.001,23.16,22.102,29.603,7.969,56.085,30.482,9.995,24.549,29.871,15.27,18.498,20.106,13.558,10.1,12.705,12.401,13.177,8.277
1958Q3,15.115,15.08,27.762,62.701,18.333,10.048,23.197,22.137,29.671,8.0,56.141,30.573,9.995,24.539,29.896,15.18,18.469,20.064,13.545,10.172,12.808,12.533,13.066,8.323
1958Q4,15.134,15.074,27.631,62.478,18.239,10.097,23.248,22.178,29.741,8.025,56.239,30.668,10.003,24.591,30.015,15.086,18.514,20.097,13.595,10.222,12.887,12.6,13.231,8.345
1959Q1,15.205,15.177,27.815,63.568,18.295,10.168,23.253,22.209,29.78,7.97,56.644,30.653,10.018,24.438,30.253,14.387,18.538,20.011,13.773,10.257,12.873,12.535,13.54,8.437
1959Q2,15.249,15.239,27.849,63.811,18.3,10.245,23.359,22.304,29.967,8.016,56.992,30.91,10.025,24.477,30.091,14.702,18.624,20.18,13.735,10.247,12.85,12.529,13.432,8.441
1959Q3,15.314,15.331,27.936,63.8,18.379,10.342,23.434,22.374,30.114,8.047,57.277,31.141,10.022,24.683,30.13,15.127,18.711,20.324,13.732,10.243,12.845,12.555,13.268,8.437
1959Q4,15.373,15.415,28.01,63.772,18.448,10.433,23.478,22.414,30.185,8.053,57.411,31.343,10.029,24.945,30.449,15.292,18.893,20.598,13.756,10.252,12.854,12.568,13.258,8.446
1960Q1,15.402,15.435,27.97,63.679,18.422,10.48,23.505,22.446,30.201,8.081,57.314,31.41,10.059,24.976,30.42,15.403,18.84,20.541,13.714,10.283,12.839,12.55,13.255,8.529
1960Q2,15.457,15.515,28.11,63.603,18.554,10.537,23.537,22.485,30.222,8.032,57.6,31.433,10.097,24.933,30.377,15.363,18.835,20.506,13.753,10.294,12.825,12.53,13.272,8.565
1960Q3,15.524,15.574,28.15,63.408,18.609,10.605,23.528,22.48,30.21,7.994,57.697,31.519,10.099,25.047,30.529,15.416,18.93,20.537,13.926,10.391,12.984,12.648,13.639,8.608
1960Q4,15.592,15.642,28.256,63.297,18.714,10.66,23.496,22.447,30.129,7.941,57.639,31.576,10.111,24.97,30.41,15.409,18.879,20.392,14.011,10.481,13.13,12.802,13.728,8.648
1961Q1,15.61,15.671,28.291,63.308,18.742,10.688,23.461,22.404,30.089,7.941,57.483,31.598,10.078,25.086,30.673,15.287,18.898,20.358,14.099,10.483,13.082,12.73,13.816,8.701
1961Q2,15.641,15.67,28.174,63.607,18.611,10.734,23.474,22.421,30.068,7.956,57.313,31.628,10.118,25.42,31.143,15.393,18.878,20.288,14.148,10.542,13.121,12.77,13.843,8.786
1961Q3,15.674,15.726,28.246,63.897,18.646,10.785,23.472,22.414,30.049,7.964,57.154,31.726,10.12,25.373,30.995,15.506,18.859,20.281,14.114,10.541,13.065,12.701,13.869,8.839
1961Q4,15.71,15.743,28.198,63.818,18.611,10.83,23.477,22.416,30.066,7.993,57.047,31.803,10.112,25.561,31.241,15.598,18.85,20.268,14.11,10.597,13.12,12.754,13.929,8.901
1962Q1,15.788,15.811,28.282,63.826,18.684,10.892,23.493,22.433,30.074,8.005,57.019,31.8,10.13,25.606,31.114,15.907,18.635,19.931,14.096,10.676,13.19,12.811,14.061,8.997
1962Q2,15.831,15.867,28.347,63.909,18.733,10.946,23.507,22.453,30.115,8.031,57.021,31.859,10.128,25.357,30.677,15.96,18.665,19.89,14.223,10.724,13.263,12.888,14.106,9.023
1962Q3,15.869,15.91,28.392,64.119,18.751,10.988,23.503,22.447,30.108,8.023,57.037,31.855,10.125,25.342,30.633,15.991,18.599,19.73,14.31,10.756,13.319,12.953,14.115,9.033
1962Q4,15.907,15.958,28.47,63.867,18.849,11.025,23.481,22.425,30.084,8.046,56.837,31.859,10.111,25.383,30.659,16.049,18.696,19.705,14.58,10.796,13.344,12.913,14.442,9.092
1963Q1,15.985,16.004,28.503,63.888,18.876,11.078,23.481,22.429,30.087,8.071,56.788,31.761,10.114,25.42,30.79,15.944,18.867,19.832,14.796,10.956,13.592,13.225,14.381,9.175
1963Q2,15.999,16.029,28.506,64.083,18.857,11.113,23.439,22.396,30.079,8.086,56.676,31.798,10.074,25.385,30.722,15.956,18.949,19.918,14.863,10.979,13.582,13.209,14.398,9.233
1963Q3,16.016,16.107,28.679,64.264,18.996,11.151,23.371,22.327,30.113,8.108,56.65,31.912,9.961,25.325,30.595,16.003,19.061,20.057,14.918,10.935,13.471,13.059,14.458,9.254
1963Q4,16.121,16.166,28.747,64.466,19.034,11.209,23.436,22.387,30.131,8.114,56.615,32.065,10.026,25.358,30.58,16.116,19.166,20.177,14.984,11.127,13.796,13.431,14.575,9.328
1964Q1,16.182,16.243,28.883,64.559,19.148,11.262,23.372,22.322,30.143,8.103,56.642,32.199,9.932,25.416,30.747,15.994,19.337,20.479,14.923,11.207,13.93,13.541,14.797,9.361
1964Q2,16.229,16.278,28.874,64.522,19.144,11.316,23.557,22.516,30.29,8.196,56.689,32.366,10.092,25.401,30.631,16.151,19.435,20.591,14.983,11.235,13.944,13.515,14.968,9.405
1964Q3,16.309,16.331,28.928,64.452,19.202,11.37,23.593,22.548,30.309,8.207,56.663,32.46,10.123,25.602,30.882,16.263,19.407,20.512,15.043,11.347,14.136,13.697,15.187,9.449
1964Q4,16.378,16.385,28.997,64.324,19.28,11.419,23.813,22.774,30.453,8.336,56.613,32.48,10.342,25.879,31.258,16.366,19.466,20.56,15.115,11.361,14.117,13.667,15.207,9.495
1965Q1,16.45,16.438,29.061,64.335,19.339,11.469,23.826,22.788,30.496,8.351,56.708,32.452,10.332,26.464,32.099,16.52,19.624,20.632,15.398,11.439,14.166,13.715,15.254,9.603
1965Q2,16.527,16.522,29.23,64.134,19.521,11.518,23.872,22.832,30.57,8.412,56.675,32.539,10.341,26.379,31.969,16.507,19.541,20.459,15.483,11.507,14.243,13.807,15.274,9.666
1965Q3,16.602,16.583,29.302,63.814,19.628,11.576,23.917,22.88,30.666,8.433,56.866,32.667,10.336,26.405,31.972,16.571,19.677,20.614,15.569,11.622,14.399,13.988,15.339,9.751
1965Q4,16.711,16.634,29.303,63.462,19.673,11.65,24.173,23.134,30.812,8.599,56.649,32.755,10.617,26.308,31.776,16.643,19.885,20.844,15.711,11.807,14.713,14.331,15.546,9.83
1966Q1,16.813,16.763,29.57,63.378,19.937,11.722,24.087,23.035,30.792,8.578,56.593,32.933,10.472,26.746,32.45,16.673,19.98,20.866,15.929,11.887,14.736,14.312,15.71,9.966
1966Q2,16.965,16.899,29.784,63.65,20.105,11.829,24.454,23.414,31.077,8.766,56.764,33.072,10.851,26.969,32.726,16.808,20.191,21.177,15.93,11.971,14.74,14.306,15.749,10.128
1966Q3,17.114,17.028,29.972,63.932,20.246,11.937,24.465,23.416,31.147,8.777,56.928,33.146,10.786,27.286,33.166,16.926,20.136,21.096,15.929,12.154,14.994,14.602,15.84,10.254
1966Q4,17.254,17.16,30.145,64.224,20.373,12.054,24.742,23.691,31.412,8.89,57.349,33.243,11.023,27.756,33.839,17.057,20.254,21.269,15.931,12.209,14.992,14.575,15.935,10.367
1967Q1,17.326,17.209,30.121,64.091,20.368,12.136,24.841,23.785,31.555,8.926,57.673,33.284,11.047,28.248,34.594,17.122,20.251,21.195,16.062,12.256,14.938,14.51,15.931,10.513
1967Q2,17.43,17.291,30.192,64.372,20.4,12.225,24.948,23.901,31.727,8.975,57.992,33.457,11.081,28.204,34.43,17.263,20.199,21.111,16.074,12.381,15.1,14.686,16.03,10.61
1967Q3,17.587,17.452,30.514,65.082,20.614,12.32,25.088,24.054,31.94,9.037,58.374,33.681,11.143,28.172,34.282,17.407,20.205,21.109,16.091,12.519,15.237,14.839,16.095,10.759
1967Q4,17.781,17.602,30.749,65.739,20.752,12.438,25.376,24.341,32.249,9.163,58.802,33.988,11.348,28.327,34.415,17.587,20.217,21.115,16.112,12.718,15.511,15.142,16.233,10.898
1968Q1,17.975,17.789,31.033,66.166,20.967,12.589,25.628,24.6,32.51,9.292,59.021,34.376,11.55,28.529,34.578,17.837,20.352,21.26,16.21,12.873,15.639,15.222,16.553,11.09
1968Q2,18.177,17.971,31.296,66.569,21.166,12.741,25.857,24.834,32.826,9.41,59.537,34.616,11.653,29.118,35.449,17.966,20.506,21.422,16.331,13.033,15.818,15.395,16.741,11.244
1968Q3,18.351,18.157,31.585,67.123,21.369,12.888,26.0,24.983,33.093,9.486,60.032,34.878,11.659,28.759,34.799,18.068,20.548,21.403,16.494,13.211,16.081,15.654,17.011,11.352
1968Q4,18.607,18.358,31.902,67.736,21.592,13.044,26.535,25.52,33.585,9.725,60.642,35.24,12.117,28.962,35.016,18.238,20.695,21.58,16.559,13.429,16.312,15.867,17.302,11.573
1969Q1,18.793,18.536,32.124,68.131,21.753,13.207,26.83,25.813,33.86,9.863,60.855,35.694,12.364,29.396,35.618,18.397,20.781,21.71,16.549,13.535,16.346,15.888,17.386,11.749
1969Q2,19.041,18.772,32.51,68.642,22.056,13.385,27.114,26.091,34.18,10.026,61.171,36.065,12.542,29.445,35.523,18.658,20.872,21.794,16.641,13.761,16.575,16.13,17.553,11.983
1969Q3,19.312,19.002,32.875,68.97,22.364,13.563,27.351,26.329,34.558,10.165,61.716,36.539,12.593,29.847,36.017,18.903,21.023,21.918,16.834,14.062,17.005,16.546,18.017,12.187
1969Q4,19.554,19.221,33.181,69.395,22.602,13.75,27.711,26.672,34.983,10.358,62.254,36.94,12.782,30.537,37.019,19.079,21.565,22.658,16.905,14.272,17.218,16.745,18.274,12.406
1970Q1,19.823,19.444,33.501,69.514,22.893,13.937,27.934,26.887,35.371,10.462,62.928,37.475,12.771,30.536,37.239,18.735,21.793,22.919,17.044,14.64,17.722,17.199,18.946,12.676
1970Q2,20.109,19.659,33.775,69.787,23.118,14.131,28.514,27.465,35.95,10.789,63.525,37.819,13.244,31.133,38.027,19.011,22.042,23.149,17.303,14.888,17.956,17.394,19.311,12.944
1970Q3,20.274,19.851,34.01,70.301,23.274,14.306,28.457,27.407,36.182,10.819,64.003,38.221,12.888,31.059,37.701,19.33,22.581,23.861,17.435,15.149,18.263,17.696,19.62,13.178
1970Q4,20.539,20.108,34.389,71.47,23.481,14.517,28.792,27.728,36.659,10.998,64.752,38.644,12.994,31.174,37.732,19.567,22.809,24.136,17.536,15.387,18.495,17.922,19.865,13.428
1971Q1,20.85,20.299,34.571,72.482,23.52,14.713,29.294,28.21,37.178,11.226,65.462,39.074,13.341,32.082,38.868,20.075,23.382,24.565,18.338,15.808,19.081,18.504,20.442,13.733
1971Q2,21.13,20.53,34.9,72.998,23.765,14.908,29.71,28.607,37.613,11.481,65.877,39.33,13.615,32.154,38.815,20.323,23.464,24.501,18.722,16.099,19.437,18.839,20.855,13.981
1971Q3,21.343,20.732,35.091,72.835,23.973,15.117,30.034,28.94,37.945,11.736,65.972,39.573,13.866,31.997,38.403,20.567,23.751,24.767,19.03,16.33,19.719,19.127,21.116,14.178
1971Q4,21.52,20.86,35.191,72.461,24.126,15.259,30.291,29.205,38.184,11.941,65.968,39.753,14.08,32.195,38.647,20.694,24.105,25.053,19.503,16.586,20.122,19.592,21.337,14.333
1972Q1,21.865,21.08,35.548,73.086,24.389,15.425,30.646,29.565,38.616,12.175,66.427,40.118,14.278,33.061,39.186,21.981,24.514,25.68,19.367,17.112,20.953,20.636,21.582,14.654
1972Q2,21.999,21.202,35.661,73.461,24.446,15.553,30.858,29.764,38.912,12.327,66.737,40.445,14.345,33.323,39.474,22.208,25.148,26.464,19.589,17.3,21.166,20.857,21.768,14.827
1972Q3,22.198,21.388,35.936,73.836,24.662,15.705,31.179,30.057,39.161,12.488,66.862,40.776,14.586,33.454,39.546,22.44,25.554,26.877,19.941,17.503,21.34,21.022,21.964,15.052
1972Q4,22.45,21.562,36.186,73.599,24.946,15.852,31.622,30.482,39.396,12.731,66.708,41.094,15.034,34.215,40.639,22.646,26.12,27.442,20.462,17.813,21.804,21.508,22.369,15.259
1973Q1,22.735,21.823,36.764,73.904,25.479,15.984,31.906,30.789,39.738,12.92,66.986,41.597,15.23,35.189,42.245,22.495,26.888,28.28,20.98,18.133,22.155,21.836,22.772,15.559
1973Q2,23.111,22.242,37.611,74.486,26.247,16.233,32.474,31.333,40.302,13.196,67.661,42.181,15.614,36.768,44.378,23.07,29.005,30.566,22.475,18.453,22.54,22.267,23.042,15.836
1973Q3,23.553,22.647,38.326,74.853,26.914,16.515,33.152,31.994,40.927,13.562,68.208,42.905,16.145,38.896,47.282,23.769,30.387,31.96,23.718,18.764,23.006,22.803,23.334,16.049
1973Q4,23.961,23.11,39.179,75.092,27.741,16.825,33.548,32.422,41.414,13.893,68.388,43.79,16.426,40.869,49.98,24.372,32.672,34.679,24.625,19.141,23.498,23.268,23.886,16.353
1974Q1,24.446,23.798,40.723,75.924,29.172,17.171,34.242,33.059,42.189,14.267,69.235,44.9,16.799,43.712,53.717,25.509,37.854,41.093,26.037,19.525,23.739,23.545,24.04,16.828
1974Q2,24.989,24.472,42.077,77.846,30.238,17.577,35.265,34.009,43.497,14.889,70.97,46.036,17.196,45.206,55.707,26.065,42.193,46.554,27.06,20.05,24.168,23.882,24.688,17.413
1974Q3,25.759,25.132,43.384,80.812,31.089,17.984,36.643,35.304,45.26,15.583,73.875,47.175,17.746,47.751,59.234,26.738,44.358,49.252,27.646,20.713,24.874,24.67,25.197,18.048
1974Q4,26.541,25.771,44.652,83.339,31.971,18.379,38.002,36.683,47.223,16.238,77.507,48.275,18.225,50.187,62.706,27.228,45.776,50.878,28.424,21.359,25.7,25.448,26.126,18.579
1975Q1,27.141,26.256,45.308,84.645,32.426,18.796,39.303,37.937,48.972,16.712,81.084,49.221,18.69,51.599,64.684,27.618,46.496,51.729,28.775,21.77,26.167,25.872,26.691,18.953
1975Q2,27.534,26.578,45.655,86.167,32.543,19.107,40.204,38.831,50.226,17.014,83.67,50.139,19.016,51.452,64.206,28.075,46.617,51.678,29.307,22.149,26.546,26.201,27.178,19.329
1975Q3,28.021,27.076,46.522,87.112,33.268,19.46,40.682,39.293,50.872,17.165,84.963,50.725,19.192,51.299,63.814,28.38,45.581,50.11,29.68,22.439,26.904,26.534,27.59,19.576
1975Q4,28.489,27.53,47.153,88.451,33.696,19.844,41.234,39.874,51.568,17.367,86.284,51.26,19.539,51.613,64.105,28.757,45.654,49.991,30.254,22.83,27.522,27.161,28.186,19.826
1976Q1,28.8,27.833,47.384,89.646,33.739,20.173,41.596,40.259,52.137,17.472,87.609,51.517,19.66,52.36,64.972,29.29,46.403,50.968,30.366,23.122,27.924,27.608,28.484,20.05
1976Q2,29.088,28.066,47.541,90.641,33.737,20.435,42.302,40.958,52.807,17.786,88.453,52.257,20.233,52.931,65.686,29.596,47.112,51.894,30.447,23.363,28.158,27.85,28.701,20.293
1976Q3,29.459,28.492,48.127,91.738,34.156,20.798,42.897,41.533,53.51,18.047,89.587,52.899,20.559,53.241,65.946,30.008,47.952,52.813,31.015,23.58,28.481,28.206,28.95,20.444
1976Q4,29.96,28.942,48.811,93.29,34.599,21.157,43.55,42.182,54.292,18.297,90.977,53.573,20.935,54.192,67.168,30.463,48.431,53.273,31.522,24.022,29.242,29.015,29.607,20.689
1977Q1,30.443,29.465,49.583,94.247,35.232,21.582,44.434,43.066,55.35,18.878,92.456,53.987,21.449,54.812,68.014,30.663,50.157,55.364,32.083,24.422,29.656,29.488,29.893,21.079
1977Q2,30.925,29.969,50.284,94.727,35.878,22.009,45.256,43.869,56.183,19.218,93.818,54.541,22.028,55.624,68.933,31.291,51.533,56.977,32.676,24.786,29.993,29.799,30.285,21.456
1977Q3,31.351,30.42,50.807,95.711,36.251,22.431,46.141,44.844,57.158,19.652,95.327,55.16,22.758,55.348,68.267,31.762,52.206,57.655,33.298,25.069,30.141,29.911,30.51,21.821
1977Q4,31.875,30.852,51.429,96.992,36.675,22.79,47.069,45.809,58.15,20.066,96.937,55.785,23.464,55.61,68.361,32.34,52.735,58.097,34.061,25.632,31.014,30.863,31.218,22.189
1978Q1,32.397,31.358,52.13,98.382,37.164,23.219,47.964,46.681,59.011,20.497,98.08,56.551,24.139,56.696,69.747,32.879,53.62,59.105,34.535,25.962,31.369,31.273,31.461,22.503
1978Q2,33.043,32.002,53.234,99.882,38.056,23.682,48.937,47.644,59.994,21.07,99.263,57.241,24.858,58.107,71.558,33.555,54.921,60.528,35.404,26.43,31.985,31.999,31.853,22.879
1978Q3,33.626,32.564,54.105,101.5,38.681,24.123,49.902,48.574,60.976,21.587,100.504,58.083,25.523,59.059,72.649,34.257,55.836,61.296,36.719,26.851,32.52,32.535,32.383,23.227
1978Q4,34.291,33.179,55.035,103.276,39.343,24.615,50.92,49.544,62.028,22.176,101.719,59.023,26.195,60.997,75.34,34.786,56.817,62.338,37.461,27.272,33.081,33.059,33.016,23.56
1979Q1,34.931,33.804,56.365,104.953,40.441,24.964,51.957,50.576,63.332,22.794,103.611,59.934,26.725,62.796,77.926,35.111,59.036,64.974,38.313,27.854,33.691,33.733,33.498,24.121
1979Q2,35.775,34.728,57.988,106.8,41.813,25.614,53.264,51.864,64.726,23.493,105.499,61.02,27.637,65.353,81.345,36.072,62.106,68.562,39.675,28.391,34.2,34.292,33.907,24.673
1979Q3,36.522,35.59,59.493,108.026,43.168,26.225,54.565,53.112,66.088,24.221,107.218,62.089,28.516,66.885,83.158,37.089,66.74,74.062,41.486,29.216,34.998,35.151,34.582,25.509
1979Q4,37.188,36.451,60.944,109.973,44.337,26.857,55.683,54.186,67.326,24.735,109.081,63.204,29.212,68.114,84.393,38.352,71.159,79.286,43.285,29.82,35.768,35.884,35.427,26.007
1980Q1,38.001,37.545,63.127,113.197,46.043,27.529,56.983,55.445,68.825,25.162,111.891,64.458,29.984,70.12,86.711,39.82,77.095,86.262,45.802,30.511,36.475,36.701,35.911,26.684
1980Q2,38.903,38.464,64.658,115.869,47.168,28.209,58.317,56.721,70.405,25.673,114.736,65.691,30.692,71.081,87.68,40.836,79.893,89.684,46.607,31.507,37.885,38.215,37.116,27.417
1980Q3,39.77,39.364,65.977,117.981,48.167,28.941,59.534,57.948,71.908,26.221,117.24,66.949,31.392,73.091,90.23,41.846,82.137,92.171,48.027,32.137,38.269,38.523,37.644,28.208
1980Q4,40.825,40.338,67.321,120.003,49.209,29.762,60.798,59.188,73.413,27.041,118.993,68.168,32.114,75.557,93.502,42.796,83.572,93.936,48.452,33.054,39.421,39.838,38.473,28.976
1981Q1,41.907,41.384,68.985,121.527,50.663,30.564,62.552,60.75,75.432,28.201,121.348,69.45,32.849,77.448,95.821,43.929,85.722,96.71,48.716,33.932,40.209,40.484,39.544,29.917
1981Q2,42.694,42.078,69.843,123.818,51.165,31.187,63.933,62.092,77.253,29.181,123.659,70.658,33.349,77.789,95.995,44.615,86.244,97.295,49.015,34.689,41.144,41.516,40.283,30.562
1981Q3,43.524,42.772,70.53,125.649,51.568,31.872,64.963,63.126,78.64,30.007,125.111,71.756,33.743,77.911,95.858,45.24,83.997,94.186,49.298,35.299,42.046,42.498,41.02,30.977
1981Q4,44.243,43.427,71.122,127.285,51.908,32.539,66.169,64.39,80.284,31.022,126.61,73.198,34.287,78.165,95.886,45.927,84.176,94.139,50.072,35.915,42.852,43.481,41.45,31.466
1982Q1,44.877,43.979,71.526,128.355,52.15,33.134,67.001,65.271,81.363,31.694,127.588,74.034,34.779,78.635,96.32,46.473,83.926,93.716,50.289,36.505,43.536,44.108,42.253,31.997
1982Q2,45.473,44.402,71.678,129.354,52.146,33.648,67.762,66.054,82.279,32.009,129.125,74.915,35.306,78.58,95.876,47.142,82.452,91.992,49.6,37.159,44.399,45.095,42.834,32.511
1982Q3,46.104,45.103,72.415,129.816,52.819,34.323,68.18,66.458,82.744,32.097,129.938,75.721,35.587,78.016,94.603,47.882,81.469,90.997,48.748,37.61,44.771,45.434,43.283,33.021
1982Q4,46.571,45.601,72.504,130.192,52.849,34.96,68.325,66.637,82.931,31.954,130.5,76.579,35.753,77.564,93.613,48.389,80.844,90.21,48.613,38.07,45.3,45.983,43.765,33.441
1983Q1,46.943,45.978,72.51,131.121,52.702,35.465,68.168,66.449,82.519,31.407,130.385,77.287,35.945,77.893,93.696,49.147,79.144,87.956,48.501,38.244,45.385,46.239,43.464,33.681
1983Q2,47.291,46.398,73.228,131.608,53.362,35.77,67.925,66.266,82.161,31.091,129.876,77.732,36.038,78.177,94.051,49.299,79.144,87.977,48.467,38.601,45.735,46.487,44.049,34.051
1983Q3,47.794,47.008,73.734,132.328,53.764,36.407,67.9,66.286,82.046,31.025,129.27,78.483,36.241,78.615,94.632,49.486,79.294,88.153,48.538,39.002,46.242,47.044,44.442,34.381
1983Q4,48.151,47.318,73.852,133.151,53.74,36.783,68.106,66.429,82.046,30.979,129.105,78.998,36.55,79.386,95.823,49.513,78.789,87.489,48.505,39.278,46.544,47.526,44.303,34.642
1984Q1,48.626,47.83,74.445,133.19,54.365,37.256,68.31,66.572,82.112,31.015,128.866,79.657,36.77,79.488,96.211,49.132,79.024,87.721,48.712,39.818,47.147,48.077,45.043,35.145
1984Q2,49.063,48.293,74.625,134.017,54.399,37.821,68.686,66.897,82.416,31.327,128.763,80.116,37.078,79.998,96.702,49.663,79.463,88.317,48.683,40.205,47.617,48.508,45.611,35.479
1984Q3,49.506,48.666,74.787,134.283,54.522,38.269,68.943,67.165,82.595,31.529,128.485,80.719,37.43,79.186,95.157,50.107,78.052,87.005,47.139,40.691,48.325,49.295,46.129,35.81
1984Q4,49.852,48.966,75.016,134.53,54.72,38.593,69.095,67.38,82.691,31.716,128.286,80.767,37.782,78.336,93.538,50.606,77.098,86.11,46.143,41.144,48.92,49.995,46.472,36.166
1985Q1,50.363,49.544,75.494,135.215,55.102,39.202,69.286,67.618,82.95,31.958,128.162,81.323,37.962,77.48,92.002,50.937,75.254,83.852,45.573,41.304,48.725,49.505,47.008,36.593
1985Q2,50.66,49.945,75.864,135.529,55.441,39.612,69.383,67.746,83.095,32.032,128.297,81.544,38.052,77.172,91.307,51.292,75.58,83.826,46.77,41.556,48.84,49.551,47.298,36.953
1985Q3,50.997,50.337,75.922,135.299,55.553,40.127,69.666,68.061,83.405,32.199,128.646,81.871,38.333,76.55,89.95,51.932,75.514,83.163,48.291,41.84,49.101,49.849,47.467,37.259
1985Q4,51.262,50.688,76.386,135.649,55.991,40.433,70.102,68.496,83.768,32.385,129.294,81.866,38.81,76.37,89.313,52.53,76.988,84.576,49.807,42.171,49.423,50.269,47.537,37.604
1986Q1,51.515,51.047,76.136,135.68,55.71,41.022,70.423,68.85,83.982,32.519,129.515,82.061,39.299,75.976,88.268,53.205,77.132,84.001,51.905,42.206,49.298,49.995,47.797,37.76
1986Q2,51.695,50.993,75.051,136.305,54.38,41.365,70.884,69.372,84.53,32.686,130.709,82.183,39.708,75.578,87.588,53.267,74.743,80.625,52.504,42.248,49.175,49.733,48.037,37.927
1986Q3,51.941,51.263,75.4,137.443,54.521,41.603,71.437,69.952,85.082,32.832,131.925,82.347,40.227,75.148,86.775,53.461,75.26,81.065,53.209,42.462,49.245,49.763,48.211,38.255
1986Q4,52.25,51.573,75.66,138.221,54.64,41.931,71.95,70.402,85.471,33.002,132.585,82.553,40.678,75.738,87.497,53.819,76.193,82.211,53.457,42.758,49.3,49.771,48.391,38.741
1987Q1,52.554,52.061,76.976,139.386,55.859,42.098,72.26,70.668,85.537,33.011,132.549,82.903,41.142,76.016,87.878,53.923,78.156,85.121,52.612,43.033,49.217,49.817,47.968,39.295
1987Q2,52.911,52.564,77.738,140.478,56.473,42.497,72.451,70.829,85.511,33.151,131.901,83.368,41.498,77.123,89.329,54.436,80.203,87.653,53.174,43.402,49.45,50.042,48.225,39.776
1987Q3,53.32,53.062,78.413,141.483,57.01,42.922,72.651,71.036,85.541,33.33,131.275,83.941,41.889,77.351,89.418,54.891,81.022,88.478,53.906,43.821,49.808,50.389,48.613,40.252
1987Q4,53.72,53.52,78.843,142.059,57.367,43.386,73.264,71.711,86.345,33.654,132.426,84.834,42.299,78.63,91.328,55.08,82.284,89.994,54.376,44.0,49.912,50.445,48.853,40.491
1988Q1,54.135,53.943,78.959,141.812,57.553,43.92,73.816,72.338,87.149,34.181,133.106,85.784,42.608,79.544,92.592,55.382,83.451,91.037,55.767,44.407,50.593,51.097,49.623,40.699
1988Q2,54.676,54.539,79.626,142.597,58.132,44.483,74.262,72.802,87.617,34.52,133.449,86.33,42.997,81.2,94.994,55.717,84.935,92.809,56.348,44.841,51.09,51.57,50.196,41.096
1988Q3,55.345,55.211,80.506,143.612,58.899,45.069,74.562,73.172,87.992,34.859,133.676,86.626,43.306,82.179,96.438,55.875,83.995,91.658,56.064,45.162,51.382,51.864,50.483,41.443
1988Q4,55.854,55.769,81.1,144.68,59.332,45.606,75.293,73.863,88.814,35.232,135.223,86.783,43.724,82.025,95.997,56.221,84.676,92.473,56.336,45.606,51.796,52.448,50.414,41.918
1989Q1,56.392,56.41,81.963,145.413,60.145,46.156,75.725,74.276,89.278,35.532,135.744,87.16,44.012,82.804,96.916,56.739,86.03,94.51,55.717,46.083,52.18,52.677,51.234,42.469
1989Q2,57.002,57.17,83.388,145.53,61.731,46.658,76.206,74.756,89.67,35.952,135.904,87.416,44.546,82.927,96.833,57.215,86.975,95.826,55.582,46.574,52.563,53.052,51.644,43.046
1989Q3,57.425,57.507,83.406,145.858,61.679,47.11,76.598,75.132,90.175,36.232,136.662,87.672,44.699,82.431,95.905,57.482,85.487,93.812,55.637,46.916,52.825,53.299,51.951,43.45
1989Q4,57.817,57.959,83.753,146.336,61.965,47.595,76.998,75.547,90.623,36.512,137.382,87.73,45.022,82.169,95.226,57.941,85.931,94.125,56.39,47.319,53.014,53.561,51.952,44.011
1990Q1,58.447,58.799,85.291,147.115,63.532,48.163,77.456,76.005,91.133,36.818,138.143,87.928,45.356,82.249,94.849,58.805,87.26,95.383,57.783,47.834,53.386,53.983,52.197,44.634
1990Q2,59.101,59.333,85.615,147.129,63.895,48.766,77.727,76.304,91.49,37.076,138.434,88.305,45.539,82.405,94.972,59.014,85.722,92.992,58.634,48.477,54.303,54.816,53.329,45.094
1990Q3,59.612,60.087,86.824,147.194,65.238,49.342,78.207,76.77,92.119,37.382,139.431,88.709,45.714,83.168,95.411,60.316,88.21,95.635,60.483,48.865,54.376,54.969,53.201,45.707
1990Q4,60.067,60.882,88.398,147.491,66.928,49.843,78.524,77.181,92.725,37.61,140.839,88.676,45.778,84.372,96.251,62.11,93.108,101.212,63.162,49.551,55.023,55.72,53.59,46.427
1991Q1,60.651,61.202,88.344,148.753,66.596,50.29,79.221,77.824,93.634,37.945,141.972,90.003,45.931,84.586,96.35,62.517,90.259,97.359,63.193,49.866,55.517,55.93,54.782,46.622
1991Q2,61.088,61.536,88.518,149.127,66.706,50.675,79.32,77.964,93.721,38.009,141.645,90.625,46.153,84.103,95.76,62.235,87.773,94.629,61.589,50.143,55.79,56.008,55.536,46.904
1991Q3,61.557,61.954,88.68,149.68,66.767,51.175,79.456,78.042,93.673,37.999,141.239,90.99,46.429,83.527,94.598,62.671,86.456,92.782,61.816,50.659,56.508,56.859,55.928,47.29
1991Q4,61.915,62.404,89.046,150.001,67.104,51.644,79.205,77.792,93.395,37.631,141.424,90.522,46.249,83.679,94.6,63.078,86.86,93.168,62.242,51.131,57.079,57.608,56.089,47.703
1992Q1,62.162,62.795,89.15,149.995,67.22,52.126,79.03,77.674,93.318,37.631,142.024,89.46,46.088,83.546,94.214,63.388,87.271,93.489,62.886,51.367,57.163,57.795,55.947,48.043
1992Q2,62.533,63.212,89.528,150.404,67.555,52.548,79.173,77.824,93.243,37.78,141.532,89.451,46.55,83.628,94.083,63.84,87.615,93.76,63.422,51.792,57.371,57.967,56.239,48.617
1992Q3,62.833,63.615,89.985,150.528,68.041,52.922,79.361,78.011,93.311,37.961,141.339,89.552,46.891,83.621,93.71,64.476,88.73,94.623,65.237,52.205,57.872,58.515,56.64,48.975
1992Q4,63.275,64.059,90.205,150.763,68.239,53.434,79.634,78.285,93.329,38.247,140.523,90.072,47.509,83.468,93.356,64.682,88.014,93.998,64.282,52.549,58.235,58.711,57.366,49.31
1993Q1,63.652,64.441,90.367,150.687,68.442,53.883,79.873,78.549,93.399,38.524,140.344,89.99,48.021,83.566,93.39,64.888,87.481,93.343,64.159,52.781,58.381,58.691,57.859,49.597
1993Q2,64.027,64.874,90.446,151.481,68.354,54.431,80.171,78.816,93.472,38.855,139.895,90.202,48.542,83.796,93.515,65.297,87.785,93.529,64.824,53.059,58.637,58.867,58.282,49.889
1993Q3,64.349,65.155,90.344,152.219,68.071,54.843,80.359,78.966,93.422,39.17,139.436,89.998,48.965,83.741,93.376,65.388,87.008,92.669,64.354,53.309,59.062,59.213,58.869,50.031
1993Q4,64.727,65.531,90.827,153.224,68.391,55.172,80.557,79.212,93.709,39.515,139.136,90.853,49.125,83.712,93.195,65.627,86.662,92.13,64.659,53.665,59.591,59.816,59.248,50.283
1994Q1,65.058,65.766,90.731,153.578,68.197,55.521,81.029,79.65,93.965,39.821,139.639,90.519,49.769,84.095,93.748,65.706,86.62,92.043,64.772,54.022,59.865,59.964,59.772,50.694
1994Q2,65.369,66.133,91.048,154.494,68.344,55.899,81.26,79.91,94.164,40.066,139.897,90.436,50.088,84.429,94.163,65.894,87.438,93.049,64.933,54.384,60.367,60.548,60.112,50.975
1994Q3,65.717,66.607,91.886,155.583,69.051,56.234,81.557,80.257,94.366,40.558,139.593,90.693,50.602,84.824,94.553,66.297,88.908,94.507,66.395,54.793,60.713,60.896,60.458,51.421
1994Q4,66.083,66.92,92.002,155.849,69.123,56.611,81.902,80.58,94.457,41.13,138.687,91.281,51.238,85.356,95.279,66.47,89.247,94.78,66.959,55.253,61.212,61.375,60.998,51.857
1995Q1,66.46,67.247,92.111,156.472,69.101,57.011,82.427,81.085,94.869,41.622,138.117,92.896,51.845,86.267,96.51,66.783,89.985,95.94,66.127,55.625,61.728,61.865,61.566,52.146
1995Q2,66.785,67.639,92.3,156.301,69.359,57.467,82.725,81.385,95.177,41.895,138.362,93.23,52.11,86.949,97.178,67.489,91.279,97.001,68.246,56.027,62.139,62.263,62.007,52.542
1995Q3,67.084,67.915,92.325,155.798,69.507,57.829,82.957,81.635,95.437,42.352,137.964,94.0,52.326,86.731,96.824,67.528,90.707,96.207,68.513,56.281,62.461,62.554,62.388,52.758
1995Q4,67.401,68.214,92.347,155.452,69.617,58.222,82.881,81.615,95.223,42.704,137.267,93.499,52.627,86.328,96.197,67.545,89.892,95.211,68.384,56.717,63.323,63.006,64.023,52.96
1996Q1,67.712,68.593,92.962,155.569,70.305,58.509,82.705,81.501,94.917,42.745,136.151,93.906,52.837,86.159,95.622,68.137,89.699,94.861,68.789,57.112,63.472,63.513,63.499,53.489
1996Q2,67.988,69.052,93.372,154.543,71.04,58.978,82.56,81.359,94.545,42.905,134.898,94.029,53.078,85.886,95.069,68.398,89.234,94.165,69.205,57.038,63.132,63.151,63.196,53.561
1996Q3,68.318,69.346,93.196,154.14,70.934,59.44,82.807,81.582,94.563,43.454,134.382,93.866,53.617,85.251,93.885,68.822,88.331,92.898,69.717,57.387,63.499,63.469,63.658,53.899
1996Q4,68.607,69.819,93.61,153.473,71.592,59.926,82.729,81.549,94.369,43.753,133.766,93.469,53.86,84.381,92.328,69.294,88.294,92.695,70.329,57.716,63.716,63.727,63.801,54.286
1997Q1,68.915,70.127,93.719,152.882,71.877,60.303,82.737,81.563,94.246,44.177,132.587,93.979,54.111,84.152,92.122,69.031,87.619,91.957,69.916,58.029,63.934,63.882,64.133,54.646
1997Q2,69.258,70.303,93.213,151.408,71.658,60.728,82.757,81.623,94.187,44.58,131.564,94.562,54.376,84.101,91.878,69.385,85.795,89.664,69.978,58.29,64.354,64.336,64.496,54.823
1997Q3,69.464,70.488,92.95,150.393,71.613,61.077,82.807,81.739,94.114,45.08,130.698,94.698,54.822,83.889,91.532,69.454,85.23,89.136,69.261,58.499,64.503,64.363,64.859,55.061
1997Q4,69.713,70.71,92.826,149.555,71.689,61.425,82.691,81.637,93.733,45.619,129.481,94.068,55.227,83.512,90.921,69.567,84.556,88.389,68.879,58.939,64.954,64.818,65.305,55.493
1998Q1,69.783,70.715,92.105,148.455,71.116,61.702,82.31,81.336,93.186,46.259,127.5,93.804,55.386,82.665,89.864,69.141,82.469,86.18,67.285,58.897,64.682,64.673,64.81,55.567
1998Q2,69.964,70.843,91.739,147.348,70.976,62.014,82.122,81.168,92.72,46.753,125.834,93.665,55.769,82.222,89.185,69.176,81.465,84.765,67.947,59.201,65.099,65.083,65.236,55.813
1998Q3,70.235,71.062,91.713,146.222,71.262,62.324,82.042,81.119,92.341,47.134,124.43,93.666,56.322,81.558,88.205,69.145,80.413,83.413,68.123,59.623,65.524,65.255,66.113,56.231
1998Q4,70.424,71.249,91.549,145.134,71.375,62.645,82.087,81.161,92.127,47.516,123.042,94.337,56.824,81.265,87.646,69.397,80.374,83.095,69.24,60.01,65.735,65.598,66.082,56.701
1999Q1,70.615,71.39,91.457,143.914,71.618,62.876,82.179,81.267,92.001,47.85,122.177,94.651,57.353,81.038,87.337,69.336,80.124,82.785,69.266,60.375,65.947,65.918,66.114,57.135
1999Q2,70.934,71.796,92.114,143.198,72.655,63.181,82.222,81.333,91.77,48.162,120.879,95.289,57.972,81.215,87.265,70.017,81.141,83.795,70.337,61.082,66.503,66.537,66.564,57.909
1999Q3,71.207,72.191,92.571,142.538,73.435,63.548,82.109,81.235,91.369,48.499,119.559,95.275,58.457,81.331,87.469,69.96,82.131,84.909,70.807,61.752,67.106,67.005,67.396,58.604
1999Q4,71.581,72.629,92.889,141.691,74.098,64.03,82.364,81.498,91.523,48.917,118.858,96.315,58.922,81.662,87.963,69.963,83.258,86.35,70.572,62.478,67.931,67.742,68.373,59.277
2000Q1,72.058,73.219,93.612,141.032,75.232,64.562,82.857,82.013,91.783,49.499,118.51,96.97,59.918,82.208,88.347,70.85,84.832,88.265,70.653,63.209,68.593,68.513,68.851,60.034
2000Q2,72.491,73.568,94.047,140.734,75.888,64.874,83.165,82.348,91.98,49.949,118.037,97.786,60.519,82.839,89.029,71.383,84.906,88.539,69.861,63.731,68.856,68.927,68.867,60.672
2000Q3,72.945,74.042,94.297,139.872,76.486,65.432,83.513,82.709,92.262,50.473,117.647,98.685,61.03,83.24,89.29,72.093,85.502,89.198,70.203,64.335,69.349,69.227,69.676,61.324
2000Q4,73.341,74.46,94.4,139.535,76.732,65.972,83.648,82.875,92.245,51.088,116.811,98.958,61.564,83.205,89.431,71.679,85.704,89.649,69.351,64.962,69.662,69.557,69.963,62.09
2001Q1,73.843,75.012,94.394,138.909,76.935,66.74,83.682,82.907,91.868,51.804,115.371,98.624,62.427,83.04,89.302,71.44,85.417,89.219,69.697,65.509,69.782,69.963,69.616,62.832
2001Q2,74.335,75.363,94.547,137.923,77.458,67.167,83.914,83.161,91.835,52.578,114.664,98.397,63.246,82.526,88.892,70.707,83.696,87.272,68.928,65.794,70.148,70.13,70.307,63.077
2001Q3,74.56,75.401,94.07,137.012,77.138,67.408,84.149,83.358,91.609,53.416,113.842,97.47,64.264,82.121,88.399,70.474,82.483,85.716,69.123,66.051,70.597,70.58,70.758,63.241
2001Q4,74.801,75.432,93.061,136.336,76.038,67.856,84.278,83.399,91.479,53.739,113.246,97.384,64.632,81.206,87.415,69.692,80.526,83.442,68.48,66.282,71.055,70.785,71.623,63.363
2002Q1,74.998,75.584,92.65,135.141,75.902,68.234,84.358,83.318,91.41,54.24,112.775,97.132,64.529,80.76,86.841,69.498,80.237,83.149,68.208,66.687,71.515,71.373,71.88,63.736
2002Q2,75.295,76.145,93.301,134.462,76.996,68.755,84.124,83.4,91.324,54.828,112.412,96.584,64.899,81.249,87.292,70.066,81.999,85.052,69.391,67.299,72.191,72.043,72.565,64.311
2002Q3,75.633,76.539,93.285,133.791,77.211,69.313,84.076,83.333,91.055,55.319,111.237,96.694,65.182,81.908,88.004,70.625,82.695,85.479,71.203,67.819,72.811,72.736,73.066,64.778
2002Q4,76.073,76.896,93.25,132.901,77.483,69.828,84.564,83.762,91.086,55.967,111.106,96.22,66.262,82.11,88.185,70.868,83.236,86.005,71.785,68.636,74.161,74.695,73.432,65.325
2003Q1,76.482,77.484,93.771,131.193,78.778,70.442,84.868,84.078,90.734,56.634,110.051,95.682,67.673,82.463,88.315,71.66,85.266,88.122,73.417,69.529,74.965,75.401,74.392,66.256
2003Q2,76.746,77.562,92.478,129.766,77.561,71.082,84.801,84.005,90.553,56.669,109.316,96.035,67.789,82.589,88.31,72.05,83.919,86.033,75.314,69.746,75.499,75.943,74.909,66.307
2003Q3,77.185,78.073,92.917,128.454,78.635,71.622,84.831,84.039,90.315,57.082,108.319,96.138,68.277,82.777,88.132,72.971,84.195,86.168,76.207,70.272,76.182,76.617,75.607,66.747
2003Q4,77.633,78.457,92.847,127.28,78.975,72.198,85.39,84.608,90.464,57.844,108.273,95.851,69.494,83.37,88.863,73.292,84.712,86.593,77.123,70.817,76.752,77.307,75.974,67.273
2004Q1,78.191,79.062,93.606,127.17,80.048,72.737,86.187,85.376,90.726,59.019,108.027,95.787,71.015,84.662,90.26,74.386,86.723,88.764,78.451,71.608,77.405,77.912,76.713,68.131
2004Q2,78.825,79.594,94.133,127.063,80.804,73.271,87.093,86.287,91.272,60.34,108.428,95.644,72.434,85.592,91.398,74.917,87.773,90.131,78.122,72.481,78.077,78.504,77.525,69.108
2004Q3,79.323,79.985,94.205,126.092,81.267,73.797,87.836,87.02,91.502,61.966,107.834,95.53,73.9,86.038,91.744,75.561,88.765,91.15,79.003,73.459,78.792,79.285,78.129,70.224
2004Q4,79.936,80.669,95.3,126.265,82.705,74.305,88.701,87.885,92.138,63.803,108.022,95.492,75.06,86.979,92.645,76.588,90.953,93.429,80.811,74.517,79.559,80.157,78.712,71.439
2005Q1,80.55,81.138,95.127,125.992,82.569,75.047,89.603,88.813,92.987,65.658,108.516,95.751,76.034,87.961,93.667,77.499,91.73,94.166,81.777,75.308,80.606,81.295,79.605,72.086
2005Q2,81.137,81.65,95.473,125.814,83.113,75.631,90.464,89.675,93.579,67.374,108.397,96.177,77.263,88.529,94.257,78.028,92.687,95.38,81.574,76.163,81.333,82.081,80.232,73.01
2005Q3,81.905,82.532,97.058,124.905,85.673,76.209,91.427,90.688,93.913,69.786,107.439,96.275,79.294,89.055,94.567,78.995,94.52,97.532,81.982,77.22,82.182,83.084,80.81,74.18
2005Q4,82.557,83.189,97.156,124.615,85.92,77.106,92.479,91.715,94.642,72.546,106.957,96.725,80.76,89.592,95.179,79.391,96.121,99.472,82.069,78.211,82.772,83.79,81.2,75.391
2006Q1,83.135,83.621,97.075,124.091,86.01,77.759,93.317,92.571,95.228,74.437,106.726,97.189,82.051,90.131,95.691,79.992,96.328,99.557,82.849,78.808,83.469,84.459,81.947,75.93
2006Q2,83.871,84.355,97.818,123.514,87.266,78.488,93.895,93.146,95.7,76.3,106.452,97.325,82.804,91.357,97.026,81.014,97.493,100.671,84.257,79.768,84.051,85.143,82.352,77.103
2006Q3,84.486,84.962,98.387,122.964,88.273,79.11,94.435,93.638,96.291,77.7,106.808,97.39,83.101,92.458,98.306,81.761,98.446,101.659,85.051,80.495,84.673,85.868,82.803,77.886
2006Q4,84.806,84.822,96.696,122.179,86.235,79.643,95.13,94.355,97.045,79.711,107.046,97.582,83.701,92.47,98.304,81.798,97.303,100.155,85.492,81.18,85.114,86.339,83.19,78.708
2007Q1,85.655,85.597,97.374,121.543,87.435,80.461,95.61,94.835,97.518,80.695,107.071,98.181,84.136,93.428,99.322,82.642,97.935,100.792,86.066,82.408,85.842,86.985,84.067,80.214
2007Q2,86.201,86.324,98.432,120.962,89.145,81.043,95.641,94.894,97.7,81.079,106.978,98.542,83.916,94.65,100.691,83.59,99.576,102.539,87.247,83.212,86.528,87.603,84.873,81.083
2007Q3,86.568,86.812,98.643,120.129,89.771,81.653,95.653,94.862,97.654,81.787,106.2,98.733,83.949,95.348,101.433,84.214,100.956,103.983,88.386,83.995,87.124,88.391,85.131,81.971
2007Q4,86.982,87.694,99.857,119.625,91.671,82.394,95.558,94.836,97.611,82.763,105.26,98.827,84.039,96.811,103.112,85.287,104.708,108.31,89.758,84.997,87.822,89.308,85.445,83.146
2008Q1,87.359,88.408,100.885,119.289,93.228,82.975,95.653,95.028,98.013,83.873,104.828,99.58,83.723,98.71,105.59,86.107,108.717,113.022,90.923,86.117,88.563,90.02,86.238,84.486
2008Q2,87.678,89.269,102.142,118.511,95.272,83.671,95.76,95.156,98.31,84.733,104.459,100.143,83.395,100.763,108.351,86.794,113.896,118.92,93.165,87.198,89.47,90.999,87.017,85.669
2008Q3,88.361,90.221,103.855,118.13,97.784,84.307,96.224,95.768,99.342,86.306,105.415,100.585,82.675,102.113,109.844,87.846,116.565,122.062,93.894,88.174,90.141,91.852,87.366,86.827
2008Q4,88.511,88.781,99.216,117.287,91.74,84.178,97.963,96.68,100.861,88.093,108.13,100.194,81.521,95.962,101.593,85.634,103.954,106.974,90.959,87.362,89.712,91.125,87.471,85.784
2009Q1,88.536,88.181,97.466,116.657,89.589,84.047,97.162,95.998,100.158,87.162,107.755,99.458,80.865,92.715,97.562,83.719,95.345,96.701,88.325,86.392,88.959,90.117,87.169,84.68
2009Q2,88.418,88.532,98.547,116.352,91.16,84.105,95.639,94.734,98.832,84.68,107.067,98.713,79.798,92.67,98.064,82.723,96.64,98.586,87.529,86.518,88.975,89.858,87.669,84.875
2009Q3,88.474,89.142,99.76,115.46,93.147,84.47,94.36,93.736,97.71,82.497,106.011,98.543,79.235,93.691,99.294,83.359,99.677,102.369,87.949,86.895,89.247,90.302,87.635,85.317
2009Q4,88.798,89.83,100.565,115.854,94.102,85.108,94.028,93.509,97.251,82.405,104.582,98.793,79.821,94.859,100.361,84.689,102.472,105.428,89.708,87.538,89.933,91.129,88.076,85.932
2010Q1,89.018,90.177,100.71,115.227,94.539,85.534,93.588,93.015,96.589,82.747,102.893,98.47,79.949,95.845,101.476,85.455,104.168,107.436,90.213,88.282,90.506,91.563,88.897,86.789
2010Q2,89.431,90.317,100.118,114.202,94.119,85.969,93.585,92.933,96.645,83.232,102.481,98.728,79.388,96.972,102.756,86.312,103.696,106.666,90.816,88.91,91.2,92.089,89.883,87.373
2010Q3,89.755,90.49,100.092,113.355,94.41,86.225,93.636,92.927,96.639,83.729,102.44,98.343,79.393,97.255,102.994,86.683,103.108,105.795,91.308,89.33,91.562,92.365,90.395,87.834
2010Q4,90.27,91.07,101.211,113.0,96.098,86.581,93.941,93.23,96.906,84.298,102.358,98.831,79.842,99.44,105.912,87.531,105.456,108.421,92.575,90.072,92.307,93.076,91.2,88.573
2011Q1,90.71,91.835,102.789,113.014,98.284,87.01,94.182,93.497,97.2,84.638,102.29,99.578,79.999,101.997,109.183,88.772,109.713,113.597,93.253,90.945,93.136,94.151,91.608,89.474
2011Q2,91.363,92.738,104.52,113.299,100.577,87.57,94.61,93.973,97.721,85.742,102.637,99.918,80.289,104.012,111.616,90.016,113.011,117.414,94.528,91.933,93.979,95.047,92.361,90.562
2011Q3,91.84,93.167,104.878,113.118,101.147,88.027,94.744,94.145,97.93,86.733,102.513,100.002,80.309,104.566,112.137,90.623,112.879,117.201,94.728,92.342,94.306,95.442,92.568,91.025
2011Q4,91.951,93.475,105.112,112.662,101.661,88.364,94.855,94.347,98.172,87.865,102.632,99.732,80.348,103.455,110.536,90.416,112.559,116.942,94.179,92.223,94.18,95.275,92.511,90.913
2012Q1,92.495,94.094,105.765,112.507,102.648,88.967,95.185,94.803,98.773,89.161,102.9,100.258,80.218,104.101,111.114,91.186,113.643,118.156,94.726,93.011,94.506,95.636,92.778,92.015
2012Q2,92.881,94.321,105.424,111.846,102.445,89.429,95.632,95.082,99.046,90.342,102.845,100.263,80.536,104.29,111.082,91.786,112.755,116.98,94.967,93.101,94.715,95.872,92.939,92.024
2012Q3,93.459,94.595,105.41,111.203,102.697,89.822,96.071,95.468,99.361,90.712,103.139,100.563,81.228,104.223,110.99,91.765,110.94,114.68,95.074,93.501,94.897,96.12,93.014,92.572
2012Q4,93.869,95.126,105.883,110.823,103.534,90.374,96.301,95.612,99.339,90.62,103.467,100.085,82.044,104.579,111.181,92.423,112.098,115.951,95.77,94.226,95.013,96.332,92.976,93.706
2013Q1,94.204,95.459,105.756,110.545,103.473,90.9,96.169,95.641,99.047,90.38,103.266,99.615,83.312,104.896,111.372,92.97,112.273,116.043,96.269,94.844,94.947,96.022,93.31,94.775
2013Q2,94.474,95.508,104.787,109.812,102.402,91.382,96.518,95.946,99.143,91.024,102.983,99.842,84.41,104.205,110.127,93.291,110.845,114.212,96.503,95.2,95.102,96.04,93.691,95.259
2013Q3,94.989,95.901,104.911,109.213,102.847,91.888,96.819,96.248,99.227,91.603,102.815,99.907,85.517,104.402,110.169,93.774,110.347,113.506,96.864,95.791,95.436,96.323,94.111,96.013
2013Q4,95.477,96.254,104.741,108.637,102.858,92.465,97.206,96.805,99.5,92.889,102.366,100.429,87.14,104.324,109.707,94.406,110.113,112.964,97.907,96.701,96.904,97.452,96.122,96.568
2014Q1,95.84,96.696,104.896,107.705,103.498,93.03,97.783,97.457,99.84,94.315,102.182,100.683,88.992,105.076,110.524,95.038,111.454,114.493,98.47,97.075,96.649,97.456,95.454,97.34
2014Q2,96.343,97.129,105.002,106.981,103.981,93.604,98.066,97.659,100.039,95.585,102.199,100.29,89.203,105.117,110.152,95.837,110.759,113.487,99.073,97.417,97.057,97.724,96.078,97.642
2014Q3,96.762,97.394,104.791,106.597,103.852,94.078,98.594,98.187,100.295,96.957,102.059,100.235,90.788,104.862,109.444,96.423,110.092,112.599,99.337,97.911,97.513,98.094,96.669,98.161
2014Q4,96.8,97.265,103.479,105.803,102.303,94.468,98.882,98.388,100.503,97.996,102.054,100.096,90.962,103.007,106.709,96.221,107.962,110.058,98.937,97.908,97.642,98.126,96.945,98.075
2015Q1,96.742,96.829,101.343,105.048,99.522,94.784,98.854,98.628,100.648,97.949,101.949,100.761,91.556,100.461,103.124,95.59,103.4,104.643,98.03,97.278,97.452,97.934,96.756,97.174
2015Q2,97.302,97.312,101.871,105.107,100.271,95.248,98.756,98.599,100.487,97.475,101.731,100.936,92.017,100.257,102.617,95.932,102.037,102.922,98.222,97.728,97.641,98.127,96.94,97.783
2015Q3,97.536,97.565,101.612,104.47,100.192,95.729,98.778,98.649,100.328,97.803,101.293,100.806,92.832,99.33,101.038,96.196,100.947,101.607,98.111,97.8,97.73,98.162,97.108,97.845
2015Q4,97.527,97.49,100.573,103.841,98.955,96.088,98.524,98.454,99.916,97.648,101.022,100.001,93.41,97.773,98.912,95.678,98.75,99.04,97.501,97.519,97.611,97.988,97.068,97.467
2016Q1,97.468,97.538,99.518,103.336,97.636,96.631,98.108,98.116,99.371,97.137,100.624,99.226,93.8,96.274,96.113,96.565,97.004,96.895,97.463,96.99,97.503,97.753,97.145,96.685
2016Q2,98.108,98.157,99.96,103.017,98.442,97.331,98.46,98.435,99.434,97.696,100.277,99.507,95.002,97.285,97.455,96.975,97.52,97.442,97.847,97.642,98.022,98.28,97.651,97.416
2016Q3,98.372,98.496,99.566,101.963,98.368,98.002,98.57,98.57,99.208,97.587,100.035,99.225,96.382,97.803,97.906,97.615,98.242,98.319,97.918,97.976,98.404,98.629,98.082,97.722
2016Q4,98.884,98.947,99.797,101.031,99.175,98.554,99.06,99.077,99.507,98.251,99.889,99.852,97.61,98.468,98.394,98.607,98.535,98.586,98.325,98.456,98.891,99.016,98.709,98.198
2017Q1,99.389,99.524,100.331,100.952,100.015,99.152,99.394,99.41,99.723,99.083,100.081,99.686,98.338,99.156,99.177,99.117,99.598,99.789,98.786,99.2,99.36,99.486,99.178,99.104
2017Q2,99.656,99.724,99.712,100.353,99.387,99.729,99.925,99.914,100.019,99.883,100.036,100.083,99.553,99.245,99.033,99.632,99.691,99.642,99.906,99.432,99.682,99.69,99.67,99.283
2017Q3,100.174,100.076,99.744,99.481,99.875,100.23,100.249,100.259,100.138,100.588,99.974,100.053,100.672,100.128,100.2,99.999,99.75,99.57,100.505,100.148,100.12,100.064,100.201,100.164
2017Q4,100.78,100.676,100.213,99.213,100.723,100.89,100.432,100.417,100.121,100.447,99.909,100.178,101.436,101.471,101.59,101.252,100.961,100.999,100.803,101.221,100.838,100.76,100.951,101.448
2018Q1,101.428,101.38,100.748,99.091,101.6,101.674,100.941,100.948,100.182,100.249,99.8,100.625,103.643,102.368,102.571,101.994,102.508,102.655,101.872,102.399,101.798,101.709,101.928,102.759
2018Q2,102.14,101.912,101.012,98.844,102.132,102.333,101.405,101.451,100.335,100.691,99.749,100.842,105.421,103.626,104.034,102.859,102.793,102.896,102.345,103.315,102.497,102.435,102.585,103.807
2018Q3,102.586,102.254,100.84,98.363,102.121,102.917,101.822,101.839,100.556,101.122,100.162,100.676,106.43,103.834,104.179,103.182,102.921,102.958,102.762,104.095,103.027,102.986,103.085,104.739
2018Q4,103.005,102.642,100.644,98.235,101.889,103.58,101.987,102.035,100.637,102.633,99.974,100.184,107.065,103.469,103.397,103.606,102.428,102.327,102.876,104.664,103.778,103.438,104.272,105.197
2019Q1,103.332,102.851,100.215,98.462,101.118,104.089,102.541,102.547,101.126,103.734,100.151,100.662,107.667,102.606,101.989,103.782,101.221,100.767,103.206,104.709,104.731,103.523,106.532,104.686
2019Q2,103.855,103.426,100.694,97.95,102.114,104.712,102.945,102.968,101.552,104.953,100.197,101.065,108.065,103.427,102.608,104.984,101.725,101.365,103.307,104.934,104.034,103.931,104.17,105.473
2019Q3,104.196,103.675,100.334,97.37,101.87,105.256,103.124,103.182,101.598,105.755,99.988,100.965,108.932,102.824,101.555,105.233,100.654,100.094,103.115,105.226,104.131,104.186,104.036,105.887
2019Q4,104.543,104.083,100.463,96.961,102.288,105.802,103.037,103.15,101.347,106.603,99.591,100.251,109.736,102.459,101.247,104.777,100.395,99.669,103.598,105.752,104.51,104.628,104.328,106.506
2020Q1,105.035,104.445,100.217,96.776,102.01,106.464,103.552,103.555,101.623,107.309,99.651,100.565,110.618,101.98,100.175,105.495,100.109,99.235,104.011,106.708,104.881,104.964,104.763,107.818
2020Q2,104.66,104.017,98.732,95.905,100.209,106.584,103.581,103.913,102.063,106.936,99.819,101.746,110.689,97.158,94.149,102.998,96.842,95.569,102.706,106.569,104.947,104.737,105.237,107.55
2020Q3,105.619,104.835,99.643,96.907,101.072,107.355,104.345,104.434,101.994,106.731,99.488,102.008,113.301,100.226,97.744,105.078,98.939,97.797,104.13,107.874,105.542,105.513,105.6,109.314
2020Q4,106.278,105.369,100.073,97.668,101.311,107.95,104.994,105.078,102.2,106.433,98.886,103.269,115.43,101.754,99.406,106.37,99.673,98.465,105.266,108.548,106.321,106.28,106.396,109.916
2021Q1,107.629,106.567,101.442,98.021,103.281,109.055,105.62,105.811,102.138,106.484,99.474,102.443,118.783,106.601,105.311,108.948,102.51,101.555,106.715,110.333,107.109,107.319,106.837,112.343
2021Q2,109.276,108.184,103.519,101.231,104.669,110.411,106.601,106.911,102.246,108.138,98.749,102.607,123.213,111.208,111.161,110.907,105.564,104.775,108.893,112.146,108.232,108.552,107.814,114.604
2021Q3,110.966,109.655,105.325,103.527,106.186,111.697,108.129,108.643,103.239,110.468,100.058,102.629,127.499,113.831,114.177,112.723,107.174,106.34,110.77,114.223,109.488,109.796,109.086,117.209
2021Q4,112.862,111.484,108.11,105.95,109.183,113.012,110.252,110.793,104.965,116.619,101.351,102.755,131.151,115.64,116.158,114.18,108.881,108.177,111.886,116.007,110.845,111.234,110.336,119.265
2022Q1,115.162,113.582,111.224,108.276,112.756,114.564,112.778,113.264,106.618,121.339,103.206,102.875,136.505,120.533,122.411,116.221,112.368,112.145,113.053,118.297,112.596,113.27,111.721,121.9
2022Q2,117.76,115.658,113.951,108.608,116.866,116.294,115.278,115.945,108.739,126.538,105.439,103.553,141.252,126.201,129.946,118.058,115.391,115.324,115.359,121.551,114.644,115.87,113.058,125.92
2022Q3,119.042,116.986,114.6,109.326,117.479,117.976,117.21,117.896,110.547,131.501,107.049,104.163,143.774,123.251,125.154,118.876,114.109,113.413,117.004,122.328,116.201,117.058,115.093,126.208
2022Q4,120.175,118.176,114.781,108.958,117.974,119.685,118.019,118.923,111.387,134.11,108.567,103.614,145.583,121.335,121.384,120.727,112.803,111.385,118.967,123.369,117.334,118.113,116.328,127.19
2023Q1,121.291,119.308,115.002,108.867,118.374,121.287,118.839,119.763,112.712,135.68,110.39,104.366,144.286,121.31,120.461,122.51,112.287,110.611,119.614,123.992,118.644,119.152,117.986,127.375
2023Q2,121.933,120.19,115.094,108.805,118.556,122.575,118.694,119.636,112.643,135.325,110.463,104.281,143.922,120.205,118.489,123.136,110.947,108.972,119.597,123.855,119.425,120.041,118.627,126.659
2023Q3,122.923,120.999,115.194,107.559,119.456,123.749,119.031,120.027,112.662,133.969,111.162,104.34,145.957,121.5,119.816,124.356,111.11,109.092,119.944,125.354,120.548,121.532,119.273,128.395
2023Q4,123.409,121.546,114.856,106.687,119.438,124.752,119.651,120.719,113.155,135.138,111.444,104.689,147.496,120.781,118.678,124.472,111.085,109.153,119.544,125.777,121.396,122.828,119.54,128.548
2024Q1,124.366,122.622,114.707,106.609,119.248,126.454,119.914,120.943,113.378,134.336,112.427,104.751,147.707,121.527,118.929,126.188,111.741,109.598,121.115,126.885,122.642,124.268,120.536,129.569
2024Q2,125.167,123.409,114.817,105.893,119.852,127.586,120.695,121.751,114.073,134.935,112.956,105.638,148.968,122.42,119.688,127.338,112.278,110.102,121.796,127.462,123.572,125.11,121.577,129.925
2024Q3,125.715,123.93,114.349,105.288,119.469,128.613,121.426,122.557,114.705,134.704,113.547,106.706,150.504,122.226,118.781,128.517,112.49,110.137,122.772,128.1,124.313,125.751,122.448,130.497
2024Q4,126.474,124.703,114.28,105.214,119.405,129.821,122.022,123.091,115.141,134.818,113.761,107.482,151.442,122.187,118.284,129.348,112.333,110.059,122.277,128.654,125.055,126.447,123.251,130.931
2025Q1,127.597,125.759,114.911,105.442,120.279,131.096,122.244,123.316,115.091,135.174,113.939,107.051,152.891,123.845,120.08,130.737,112.827,110.484,123.083,130.093,126.85,128.023,125.336,132.145
2025Q2,128.266,126.424,114.969,106.248,119.882,132.075,122.33,123.375,114.985,134.818,114.879,106.117,153.712,123.43,119.54,130.565,112.474,109.615,125.016,131.162,129.016,129.939,127.835,132.535
2025Q3,129.455,127.29,115.423,106.379,120.531,133.152,123.833,124.916,116.465,136.022,116.505,107.569,155.426,124.346,120.099,132.161,112.638,109.865,124.829,132.584,130.213,131.008,129.208,134.097
