Time,Gross domestic product,Personal consumption expenditures,Goods,Durable goods,Nondurable goods,Services,Gross private domestic investment,Fixed investment,Nonresidential,Structures,Equipment,Intellectual property products,Residential,Change in private inventories,Net exports of goods and services,Exports,Goods.1,Services.1,Imports,Goods.2,Services.2,Government consumption expenditures and gross investment,Federal,National defense,Nondefense,State and local
1947Q1,243.164,156.161,95.594,20.722,74.872,60.567,35.854,35.359,24.818,7.889,14.927,2.002,10.541,0.495,10.875,18.394,15.728,2.666,7.519,5.612,1.907,40.274,26.956,22.79,4.166,13.318
1947Q2,245.968,160.031,98.248,21.351,76.897,61.783,34.505,35.744,25.171,7.947,15.226,1.998,10.573,-1.24,11.294,19.497,16.732,2.765,8.203,6.292,1.911,40.138,26.424,21.105,5.319,13.714
1947Q3,249.585,163.543,100.419,21.77,78.649,63.124,34.911,37.827,25.361,8.28,15.044,2.037,12.466,-2.917,11.77,19.433,16.792,2.641,7.663,5.828,1.835,39.361,25.038,19.985,5.053,14.324
1947Q4,259.745,167.672,103.453,23.488,79.965,64.219,43.25,41.794,26.54,8.432,16.067,2.041,15.254,1.456,9.289,17.636,15.136,2.5,8.347,6.16,2.187,39.534,24.525,20.41,4.115,15.009
1948Q1,265.742,170.372,105.093,23.547,81.546,65.279,47.202,43.576,28.231,8.833,17.334,2.064,15.345,3.626,7.293,16.917,14.576,2.341,9.624,7.34,2.284,40.875,25.35,20.685,4.666,15.525
1948Q2,272.567,174.142,107.188,24.019,83.169,66.954,50.336,44.477,28.05,9.327,16.658,2.065,16.427,5.859,5.205,15.241,13.004,2.237,10.036,7.644,2.392,42.884,26.585,20.555,6.03,16.299
1948Q3,279.196,177.072,108.741,25.277,83.465,68.33,52.516,45.365,29.081,9.854,17.13,2.097,16.283,7.152,4.949,15.405,13.128,2.277,10.456,7.708,2.748,44.66,27.485,20.716,6.769,17.174
1948Q4,280.366,177.928,108.657,24.971,83.686,69.271,51.334,45.337,30.16,10.09,17.998,2.072,15.177,5.997,4.501,14.625,12.352,2.273,10.124,7.536,2.588,46.603,28.744,21.593,7.15,17.859
1949Q1,275.034,176.831,107.167,24.436,82.731,69.664,43.14,42.752,28.583,9.736,16.826,2.021,14.169,0.388,6.478,16.082,13.676,2.406,9.604,7.164,2.44,48.585,30.182,22.461,7.72,18.403
1949Q2,271.351,178.446,108.282,26.389,81.894,70.164,36.241,41.389,27.476,9.377,16.09,2.008,13.913,-5.148,6.283,15.647,13.168,2.479,9.364,6.852,2.512,50.381,31.243,22.753,8.49,19.138
1949Q3,272.889,177.806,107.569,27.313,80.255,70.237,39.549,40.856,26.112,8.915,15.176,2.021,14.744,-1.307,5.179,14.115,11.884,2.231,8.936,6.62,2.316,50.356,30.476,22.546,7.93,19.88
1949Q4,270.627,180.249,109.305,28.356,80.949,70.944,37.468,42.167,25.628,8.684,14.836,2.108,16.538,-4.699,2.999,12.091,10.124,1.967,9.092,6.86,2.232,49.91,29.79,21.602,8.188,20.121
1950Q1,280.828,182.92,110.8,29.335,81.465,72.12,46.749,44.725,26.386,9.075,15.13,2.181,18.339,2.024,2.203,11.704,9.624,2.08,9.501,7.184,2.317,48.956,28.544,20.89,7.654,20.412
1950Q2,290.383,186.806,112.587,29.799,82.788,74.219,52.291,49.458,28.855,9.502,17.114,2.239,20.603,2.833,1.643,11.872,9.752,2.12,10.229,7.808,2.421,49.643,28.924,20.95,7.973,20.72
1950Q3,308.153,200.505,123.987,37.355,86.632,76.518,58.641,54.465,31.91,10.269,19.343,2.298,22.555,4.177,-0.74,12.293,10.18,2.113,13.033,10.464,2.569,49.746,28.428,22.696,5.732,21.319
1950Q4,319.945,197.946,119.944,33.292,86.652,78.002,68.441,54.397,32.919,10.982,19.609,2.328,21.478,14.044,-0.154,13.531,11.256,2.275,13.685,10.868,2.817,53.713,31.776,26.061,5.715,21.937
1951Q1,336.0,209.207,127.605,35.638,91.966,81.603,64.582,54.196,33.139,11.467,19.383,2.289,21.057,10.386,0.177,15.043,12.508,2.535,14.866,11.772,3.094,62.033,39.574,33.539,6.035,22.46
1951Q2,344.09,204.942,122.18,30.735,91.445,82.763,67.383,52.591,34.124,12.151,19.672,2.301,18.467,14.792,1.943,17.121,14.308,2.813,15.178,12.04,3.138,69.821,46.602,40.264,6.338,23.22
1951Q3,351.385,207.616,123.364,30.193,93.171,84.252,61.981,52.241,34.843,12.28,20.198,2.365,17.398,9.74,3.742,18.052,15.096,2.956,14.31,10.808,3.502,78.046,54.303,48.081,6.222,23.743
1951Q4,356.178,211.59,125.845,30.391,95.454,85.745,57.084,52.365,34.642,11.918,20.242,2.482,17.723,4.719,4.19,18.18,15.06,3.12,13.99,10.084,3.906,83.314,59.311,52.874,6.437,24.003
1952Q1,359.82,212.969,125.538,30.776,94.762,87.431,58.132,53.4,35.131,12.029,20.418,2.684,18.269,4.732,3.721,18.679,15.416,3.263,14.958,10.696,4.262,84.998,60.899,53.49,7.409,24.098
1952Q2,361.03,217.088,127.608,31.007,96.601,89.48,53.004,54.528,35.765,12.075,20.821,2.869,18.763,-1.523,1.951,16.581,13.44,3.141,14.63,10.604,4.026,88.987,64.067,56.979,7.088,24.919
1952Q3,367.701,219.553,127.941,29.467,98.474,91.612,57.22,51.646,32.892,12.15,17.671,3.071,18.754,5.574,-0.004,15.246,12.4,2.846,15.25,10.768,4.482,90.931,66.178,58.675,7.503,24.753
1952Q4,380.812,227.67,134.055,33.723,100.331,93.616,60.737,55.463,35.816,12.642,19.867,3.307,19.647,5.274,-1.013,15.329,12.54,2.789,16.342,11.284,5.058,93.418,68.116,60.506,7.61,25.302
1953Q1,387.98,231.22,135.704,35.186,100.517,95.516,61.663,57.773,37.791,13.061,21.245,3.486,19.982,3.89,-0.667,15.128,12.132,2.996,15.795,10.988,4.807,95.764,69.659,61.306,8.353,26.105
1953Q2,391.749,232.96,135.574,35.019,100.556,97.386,62.115,58.538,38.465,13.499,21.306,3.66,20.073,3.577,-1.251,15.196,12.308,2.888,16.447,11.516,4.931,97.925,71.95,61.975,9.975,25.976
1953Q3,391.171,233.666,134.42,34.577,99.842,99.247,61.435,59.104,39.614,13.749,22.125,3.74,19.49,2.331,-0.552,15.755,12.864,2.891,16.307,11.152,5.155,96.622,69.969,60.964,9.004,26.653
1953Q4,385.97,233.112,133.642,33.683,99.959,99.47,56.446,58.452,39.2,13.971,21.446,3.783,19.251,-2.006,-0.335,15.172,12.344,2.828,15.507,10.244,5.263,96.747,69.519,60.29,9.229,27.228
1954Q1,385.345,235.154,134.172,32.91,101.261,100.982,55.717,57.683,38.332,13.92,20.57,3.842,19.351,-1.966,-0.356,14.424,11.588,2.836,14.78,9.976,4.804,94.831,66.734,57.326,9.408,28.097
1954Q2,386.121,237.885,134.97,33.646,101.324,102.915,55.449,58.827,38.159,13.877,20.424,3.859,20.668,-3.378,0.254,16.438,13.62,2.818,16.184,11.048,5.136,92.534,63.692,55.214,8.478,28.842
1954Q3,390.996,240.303,135.429,33.233,102.196,104.874,58.971,61.062,38.879,13.852,21.131,3.896,22.183,-2.091,0.574,15.878,12.9,2.978,15.304,10.224,5.08,91.148,61.352,53.215,8.137,29.796
1954Q4,399.734,245.093,138.495,35.064,103.431,106.598,62.139,62.455,38.89,13.811,21.123,3.956,23.565,-0.316,1.145,16.605,13.608,2.997,15.46,10.164,5.296,91.356,61.244,52.038,9.206,30.112
1955Q1,413.073,251.398,142.939,38.437,104.502,108.459,68.702,64.899,39.48,14.274,21.144,4.062,25.419,3.804,1.104,17.273,14.18,3.093,16.169,11.104,5.065,91.869,60.72,52.356,8.364,31.149
1955Q2,421.532,256.466,146.831,40.709,106.122,109.634,72.688,68.068,42.063,14.744,23.119,4.201,26.005,4.62,-0.155,16.942,13.8,3.142,17.097,11.232,5.865,92.533,60.849,51.867,8.982,31.684
1955Q3,430.221,260.651,149.363,42.421,106.942,111.288,74.747,70.452,44.826,15.438,25.01,4.378,25.626,4.295,0.724,18.145,14.78,3.365,17.421,11.296,6.125,94.099,61.923,53.076,8.847,32.176
1955Q4,437.092,264.639,150.459,41.413,109.046,114.179,78.882,71.65,47.085,16.172,26.28,4.633,24.565,7.233,0.24,18.349,14.936,3.413,18.109,12.476,5.633,93.331,60.57,52.152,8.417,32.762
1956Q1,439.746,266.156,150.216,39.674,110.541,115.94,78.303,71.904,47.772,17.415,25.442,4.915,24.132,6.398,0.44,19.365,15.9,3.465,18.925,13.02,5.905,94.848,60.989,52.758,8.231,33.859
1956Q2,446.01,268.834,151.111,39.819,111.291,117.723,77.02,73.435,49.062,17.982,25.92,5.16,24.374,3.585,1.909,20.882,17.196,3.686,18.973,12.692,6.281,98.247,63.516,54.943,8.574,34.731
1956Q3,451.191,272.075,152.117,39.685,112.432,119.958,78.267,74.698,50.746,18.59,26.822,5.334,23.952,3.569,2.569,21.822,18.052,3.77,19.253,12.62,6.633,98.279,62.796,55.09,7.706,35.483
1956Q4,460.463,277.445,155.173,41.497,113.676,122.272,77.145,74.902,51.41,18.733,27.188,5.489,23.491,2.244,4.527,23.068,19.076,3.992,18.541,12.88,5.661,101.345,65.158,57.042,8.116,36.187
1957Q1,469.779,281.889,158.014,42.597,115.417,123.876,77.728,75.566,52.465,18.77,28.203,5.492,23.101,2.162,4.819,24.919,20.64,4.279,20.1,13.188,6.912,105.342,67.892,58.831,9.061,37.45
1957Q2,472.025,284.176,158.649,42.17,116.479,125.528,77.907,75.25,52.64,18.992,28.112,5.536,22.61,2.657,4.099,24.369,20.084,4.285,20.27,13.376,6.894,105.842,67.524,59.639,7.885,38.318
1957Q3,479.49,288.75,161.229,41.876,119.353,127.521,79.339,76.53,54.066,19.096,29.334,5.636,22.464,2.808,3.997,23.759,19.416,4.343,19.762,13.06,6.702,107.405,68.355,60.667,7.688,39.05
1957Q4,474.864,290.368,160.519,41.467,119.052,129.85,71.045,75.563,53.215,18.942,28.595,5.678,22.349,-4.518,3.388,23.022,18.108,4.914,19.634,13.54,6.094,110.062,70.043,60.626,9.417,40.019
1958Q1,467.54,289.888,159.257,39.396,119.862,130.63,66.73,70.739,49.369,18.084,25.526,5.76,21.37,-4.009,1.079,20.534,16.56,3.974,19.455,12.58,6.875,109.843,68.738,60.841,7.897,41.106
1958Q2,471.978,292.819,159.819,38.636,121.183,133.0,65.065,69.3,47.83,17.594,24.365,5.871,21.469,-4.235,0.471,20.546,16.328,4.218,20.075,12.668,7.407,113.624,71.549,61.977,9.572,42.075
1958Q3,485.841,297.893,162.422,39.396,123.026,135.471,71.999,70.452,47.435,17.259,24.136,6.04,23.017,1.547,0.856,20.595,16.448,4.147,19.739,12.78,6.959,115.093,71.885,62.633,9.252,43.208
1958Q4,499.555,301.823,164.773,40.693,124.08,137.049,80.001,74.766,49.332,17.579,25.482,6.272,25.434,5.235,-0.26,20.563,16.32,4.243,20.823,13.78,7.043,117.992,73.912,63.429,10.483,44.08
1959Q1,510.33,309.449,169.723,43.649,126.074,139.726,83.166,79.29,50.942,17.397,27.077,6.469,28.348,3.876,0.519,21.915,15.552,6.363,21.396,14.484,6.912,117.195,72.367,61.137,11.23,44.829
1959Q2,522.653,315.505,172.617,45.465,127.152,142.888,89.381,82.093,52.735,18.037,28.059,6.64,29.358,7.288,-0.768,21.776,15.908,5.868,22.544,15.532,7.012,118.535,73.58,60.29,13.29,44.955
1959Q3,525.034,320.725,174.524,46.336,128.188,146.201,83.606,83.222,54.421,18.644,29.118,6.659,28.801,0.384,1.211,24.079,17.504,6.575,22.868,15.796,7.072,119.492,74.532,61.398,13.134,44.96
1959Q4,528.6,322.842,173.564,44.103,129.461,149.277,86.524,82.404,54.398,18.519,29.127,6.752,28.006,4.12,0.627,23.131,16.868,6.263,22.504,15.428,7.076,118.608,73.836,60.956,12.88,44.772
1960Q1,542.648,326.364,175.06,45.455,129.605,151.304,96.476,85.276,56.322,19.36,30.089,6.874,28.954,11.2,2.858,26.145,19.54,6.605,23.288,15.7,7.588,116.951,70.981,60.024,10.957,45.97
1960Q2,541.08,332.208,178.396,46.434,131.961,153.813,87.096,83.872,57.188,19.473,30.749,6.967,26.684,3.224,3.395,26.85,20.464,6.386,23.455,15.888,7.567,118.38,71.066,59.522,11.544,47.314
1960Q3,545.604,332.126,177.503,45.922,131.58,154.623,86.377,82.057,56.165,19.418,29.471,7.276,25.892,4.32,4.682,27.561,20.928,6.633,22.879,15.056,7.823,122.419,74.161,61.963,12.198,48.258
1960Q4,540.197,334.024,177.103,44.69,132.413,156.921,75.963,81.775,55.882,20.022,28.407,7.452,25.893,-5.812,5.88,27.622,20.88,6.742,21.742,14.236,7.506,124.33,75.291,62.094,13.197,49.039
1961Q1,545.018,334.52,175.641,42.24,133.401,158.878,78.378,80.926,55.012,19.929,27.408,7.675,25.914,-2.548,5.902,27.56,21.2,6.36,21.658,14.064,7.594,126.218,75.281,63.393,11.888,50.936
1961Q2,555.545,339.455,177.564,43.32,134.245,161.891,84.108,82.316,56.198,19.634,28.635,7.928,26.118,1.792,4.727,26.627,20.052,6.575,21.899,14.256,7.643,127.254,76.174,63.357,12.817,51.08
1961Q3,567.664,342.332,179.176,44.58,134.596,163.156,90.917,84.261,56.712,19.665,28.944,8.102,27.55,6.656,4.453,27.779,20.996,6.783,23.326,15.76,7.566,129.961,78.136,64.961,13.175,51.825
1961Q4,580.612,349.593,182.85,46.683,136.167,166.742,92.931,86.935,58.473,19.632,30.628,8.212,28.462,5.996,4.572,28.442,21.54,6.902,23.87,16.132,7.738,133.516,79.925,66.462,13.464,53.591
1962Q1,594.013,354.822,185.534,47.702,137.832,169.287,98.074,88.666,59.656,20.03,31.401,8.225,29.01,9.408,4.01,28.325,21.192,7.133,24.314,16.44,7.874,137.107,83.331,69.164,14.167,53.776
1962Q2,600.366,360.458,187.792,49.047,138.745,172.666,96.706,91.262,61.356,20.828,32.197,8.33,29.906,5.444,4.777,29.662,22.256,7.406,24.884,16.92,7.964,138.426,84.127,68.916,15.211,54.299
1962Q3,609.027,364.333,189.527,49.567,139.96,174.806,98.16,91.972,62.101,21.355,32.321,8.425,29.871,6.188,4.482,29.593,22.264,7.329,25.111,17.084,8.027,142.052,87.019,70.445,16.573,55.033
1962Q4,612.28,370.618,193.023,51.546,141.477,177.594,94.968,91.604,61.819,20.9,32.304,8.615,29.785,3.364,3.133,28.683,21.122,7.561,25.55,17.032,8.518,143.562,87.596,70.278,17.318,55.966
1963Q1,621.672,374.283,195.047,52.589,142.458,179.236,99.689,92.821,61.973,20.233,32.872,8.867,30.848,6.868,3.976,29.161,21.29,7.871,25.185,16.916,8.269,143.724,86.208,69.388,16.82,57.517
1963Q2,629.752,378.413,196.685,53.881,142.803,181.728,101.65,96.814,63.883,21.233,33.467,9.183,32.93,4.836,5.558,31.448,23.448,8.0,25.89,17.568,8.322,144.132,85.764,68.896,16.868,58.368
1963Q3,644.444,385.394,199.868,54.701,145.166,185.526,104.612,98.896,65.712,21.436,34.894,9.381,33.184,5.716,4.511,31.215,23.764,7.451,26.704,18.152,8.552,149.927,89.876,70.846,19.03,60.051
1963Q4,653.938,390.049,201.018,55.739,145.279,189.031,107.189,102.125,67.669,21.891,36.238,9.54,34.456,5.064,5.711,32.474,24.878,7.596,26.764,18.216,8.548,150.989,89.653,70.88,18.773,61.336
1964Q1,669.822,399.581,206.646,57.995,148.651,192.935,110.474,105.35,69.113,22.425,37.146,9.542,36.237,5.124,7.213,34.192,26.148,8.044,26.978,18.344,8.634,152.554,90.084,70.383,19.702,62.469
1964Q2,678.674,407.536,210.932,59.476,151.455,196.604,110.518,106.062,71.075,23.45,37.939,9.686,34.988,4.456,6.305,34.03,26.034,7.996,27.726,19.08,8.646,154.314,90.125,69.375,20.75,64.189
1964Q3,692.031,416.422,216.255,61.378,154.877,200.168,112.631,107.939,73.406,24.25,39.264,9.892,34.533,4.692,6.946,35.375,26.988,8.387,28.429,19.72,8.709,156.033,90.847,70.153,20.694,65.186
1964Q4,697.319,418.987,215.177,59.377,155.8,203.811,114.984,109.968,75.324,24.823,40.39,10.111,34.644,5.016,7.195,36.48,27.898,8.582,29.285,20.424,8.861,156.152,89.968,69.002,20.967,66.184
1965Q1,717.79,429.711,222.676,64.915,157.76,207.035,126.542,114.998,80.23,26.142,43.542,10.546,34.768,11.544,4.512,32.969,24.484,8.485,28.457,19.552,8.905,157.025,89.493,68.031,21.462,67.532
1965Q2,730.191,436.642,225.586,64.818,160.768,211.056,127.052,118.484,83.382,28.166,44.296,10.92,35.102,8.568,6.688,38.367,28.98,9.387,31.679,22.436,9.243,159.808,90.116,68.163,21.953,69.692
1965Q3,749.323,445.804,230.769,66.7,164.069,215.035,131.237,121.945,86.686,28.535,46.825,11.327,35.258,9.292,5.521,37.551,28.116,9.435,32.03,22.808,9.222,166.761,94.476,71.157,23.319,72.285
1965Q4,771.857,459.736,239.671,69.126,170.545,220.065,133.752,126.168,90.645,30.442,48.457,11.746,35.523,7.584,5.75,39.698,30.314,9.384,33.948,24.192,9.756,172.619,98.697,74.979,23.718,73.922
1966Q1,795.734,470.136,246.406,72.312,174.094,223.73,144.2,130.328,94.382,31.098,51.069,12.215,35.946,13.872,4.367,39.356,30.658,8.698,34.99,24.852,10.138,177.032,101.202,77.48,23.722,75.83
1966Q2,804.981,475.189,246.958,69.721,177.238,228.23,143.501,131.185,96.823,31.172,53.024,12.628,34.362,12.316,4.632,40.872,30.432,10.44,36.24,25.612,10.628,181.659,104.01,79.135,24.875,77.649
1966Q3,819.638,484.291,252.093,72.323,179.77,232.198,143.194,131.342,98.325,31.907,53.417,13.0,33.018,11.852,2.687,40.857,30.974,9.883,38.171,27.16,11.011,189.466,109.934,85.613,24.321,79.533
1966Q4,833.302,490.06,253.02,72.625,180.394,237.04,145.855,129.351,99.163,31.217,54.581,13.366,30.188,16.504,3.765,42.594,32.292,10.302,38.829,27.712,11.117,193.621,111.155,87.657,23.498,82.466
1967Q1,844.17,494.317,253.477,71.102,182.375,240.841,142.811,127.388,97.999,31.668,52.713,13.618,29.389,15.423,4.453,43.886,32.889,10.997,39.432,27.704,11.728,202.588,117.935,92.232,25.703,84.654
1967Q2,848.983,503.458,258.504,74.483,184.021,244.953,137.495,131.154,98.297,30.934,53.577,13.786,32.857,6.341,4.219,43.239,32.647,10.592,39.02,26.796,12.224,203.811,117.918,93.499,24.419,85.893
1967Q3,865.233,510.717,260.475,74.699,185.777,250.241,142.835,133.571,98.785,31.476,53.193,14.116,34.786,9.263,3.302,42.845,31.954,10.892,39.543,27.012,12.531,208.379,120.961,96.659,24.302,87.418
1967Q4,881.439,518.249,263.506,75.642,187.864,254.743,147.653,139.22,101.744,31.966,55.286,14.492,37.476,8.433,2.244,43.896,32.697,11.199,41.652,29.532,12.12,213.293,123.209,97.745,25.465,90.084
1968Q1,909.387,536.297,274.394,80.859,193.535,261.903,152.288,143.85,105.582,33.051,57.601,14.93,38.268,8.438,1.054,45.452,33.966,11.486,44.399,32.116,12.283,219.749,126.409,100.462,25.947,93.34
1968Q2,934.344,550.014,280.853,83.084,197.769,269.161,158.943,144.862,105.299,33.184,56.698,15.417,39.563,14.082,1.749,47.165,35.358,11.807,45.416,33.152,12.264,223.637,127.154,101.515,25.639,96.483
1968Q3,950.825,566.122,290.386,87.545,202.841,275.736,155.683,148.003,107.609,33.232,58.581,15.796,40.394,7.681,1.65,49.891,37.106,12.785,48.24,35.408,12.832,227.37,128.537,101.469,27.068,98.832
1968Q4,968.03,574.977,292.833,87.826,205.007,282.144,160.76,154.754,112.182,34.762,61.233,16.187,42.572,6.007,0.945,49.116,36.455,12.661,48.17,35.108,13.062,231.347,129.749,101.98,27.769,101.598
1969Q1,993.337,587.005,298.845,90.011,208.834,288.161,172.388,160.899,115.993,35.794,63.689,16.51,44.906,11.489,0.239,44.042,32.063,11.979,43.804,30.772,13.032,233.705,129.608,101.262,28.346,104.096
1969Q2,1009.02,598.337,302.664,90.448,212.216,295.673,172.721,163.499,118.368,36.671,64.691,17.006,45.13,9.222,1.104,53.775,40.446,13.329,52.671,39.116,13.555,236.859,129.782,100.86,28.922,107.076
1969Q3,1029.956,608.626,306.616,90.628,215.988,302.01,177.564,167.37,122.408,38.931,66.122,17.355,44.962,10.194,1.231,53.596,39.96,13.636,52.365,38.536,13.829,242.535,133.392,103.448,29.944,109.143
1969Q4,1038.147,620.586,310.588,90.844,219.744,309.998,171.573,165.787,123.284,39.399,66.149,17.736,42.503,5.787,3.149,56.275,42.508,13.767,53.126,38.828,14.298,242.838,131.991,102.7,29.291,110.848
1970Q1,1051.2,631.685,314.095,89.611,224.484,317.59,168.113,166.289,123.796,39.49,66.401,17.905,42.493,1.823,3.514,57.031,43.416,13.614,53.517,39.348,14.169,247.889,133.559,102.837,30.723,114.33
1970Q2,1067.375,641.57,317.554,91.006,226.548,324.016,171.455,166.374,125.008,40.313,66.748,17.948,41.365,5.081,5.207,60.411,45.576,14.835,55.204,40.068,15.136,249.143,131.76,99.604,32.156,117.383
1970Q3,1086.059,653.482,321.727,92.011,229.716,331.755,173.904,168.821,126.255,40.578,67.661,18.016,42.566,5.083,4.088,60.519,45.274,15.245,56.431,41.18,15.251,254.584,132.36,99.914,32.446,122.224
1970Q4,1088.608,660.161,321.8,87.324,234.475,338.361,166.754,170.738,123.52,40.767,64.834,17.918,47.218,-3.984,2.985,60.873,45.881,14.992,57.888,42.824,15.064,258.708,133.54,100.486,33.054,125.168
1971Q1,1135.156,679.186,333.88,98.052,235.828,345.307,189.495,177.241,126.281,41.504,66.644,18.133,50.961,12.254,4.57,63.221,46.517,16.704,58.651,43.376,15.275,261.905,133.347,99.478,33.869,128.558
1971Q2,1156.271,693.225,339.82,100.989,238.832,353.404,197.329,186.455,129.481,42.335,68.69,18.456,56.974,10.875,-0.401,62.894,46.369,16.525,63.296,47.44,15.856,266.118,134.252,97.839,36.412,131.867
1971Q3,1177.675,705.599,343.866,103.442,240.424,361.732,202.058,191.87,131.19,43.118,69.26,18.812,60.68,10.188,0.236,65.717,49.021,16.696,65.482,49.64,15.842,269.783,135.604,97.432,38.171,134.18
1971Q4,1190.297,721.739,350.896,107.302,243.595,370.843,198.411,198.706,134.711,43.758,71.642,19.312,63.995,-0.295,-1.92,60.019,42.877,17.142,61.939,45.744,16.195,272.067,134.712,97.231,37.481,137.355
1972Q1,1230.609,738.948,357.744,110.704,247.04,381.204,212.968,209.741,140.585,45.781,74.881,19.923,69.156,3.227,-3.534,68.639,50.44,18.199,72.173,55.092,17.081,282.228,141.416,101.361,40.055,140.811
1972Q2,1266.369,757.364,368.368,114.066,254.302,388.996,226.798,214.8,143.976,46.607,76.946,20.424,70.824,11.998,-4.258,67.152,49.696,17.456,71.409,54.092,17.317,286.464,144.235,103.31,40.925,142.229
1972Q3,1290.566,775.799,377.675,117.591,260.084,398.123,233.09,219.375,147.015,47.314,78.938,20.763,72.36,13.715,-2.638,71.453,52.52,18.933,74.09,57.288,16.802,284.316,138.763,97.727,41.036,145.552
1972Q4,1328.904,800.502,391.473,123.416,268.057,409.029,239.715,232.224,154.967,48.99,84.78,21.197,77.257,7.491,-3.061,76.129,57.688,18.441,79.19,61.264,17.926,291.749,142.167,100.456,41.711,149.582
1973Q1,1377.49,825.007,407.267,131.812,275.456,417.739,254.313,243.763,162.839,51.327,89.808,21.704,80.925,10.55,-1.4,83.959,65.224,18.735,85.36,66.46,18.9,299.571,146.354,103.436,42.918,153.217
1973Q2,1413.887,840.527,412.681,131.295,281.386,427.847,268.196,249.99,171.283,54.06,94.897,22.326,78.707,18.206,2.454,91.923,72.56,19.363,89.468,70.04,19.428,302.709,146.517,103.355,43.162,156.192
1973Q3,1433.838,858.877,420.716,130.8,289.916,438.16,264.335,254.574,176.642,56.831,96.85,22.961,77.932,9.761,6.437,97.576,77.236,20.34,91.139,72.1,19.039,304.189,144.24,100.495,43.746,159.949
1973Q4,1476.289,873.887,425.877,128.201,297.675,448.011,280.858,255.865,180.142,57.714,98.693,23.735,75.723,24.993,8.952,107.62,88.064,19.556,98.669,78.772,19.897,312.593,147.63,103.255,44.374,164.963
1974Q1,1491.209,891.868,435.505,126.652,308.853,456.362,268.361,255.842,183.404,58.984,100.032,24.388,72.438,12.519,6.394,116.709,95.116,21.593,110.315,88.832,21.483,324.586,152.687,106.194,46.492,171.899
1974Q2,1530.056,920.422,448.6,130.583,318.017,471.822,277.391,259.975,188.818,61.333,102.376,25.11,71.157,17.416,-2.714,126.668,103.536,23.132,129.382,106.388,22.994,334.957,154.877,108.827,46.05,180.08
1974Q3,1560.026,949.276,463.992,136.324,327.667,485.284,271.013,265.434,194.485,61.417,107.085,25.983,70.949,5.578,-6.972,126.638,103.664,22.974,133.61,110.6,23.01,346.71,160.404,110.321,50.083,186.306
1974Q4,1599.679,959.079,458.056,127.148,330.908,501.022,281.339,260.893,197.569,63.214,107.77,26.585,63.324,20.446,0.033,136.585,111.66,24.925,136.552,112.26,24.292,359.228,167.37,114.235,53.136,191.858
1975Q1,1616.116,985.19,467.993,131.787,336.206,517.197,244.306,254.335,193.137,61.682,104.513,26.942,61.197,-10.028,16.481,141.369,114.936,26.433,124.888,100.936,23.952,370.138,168.635,115.068,53.566,201.504
1975Q2,1651.853,1013.582,481.541,136.692,344.849,532.041,243.281,257.235,193.276,60.409,105.582,27.285,63.959,-13.954,21.582,136.827,108.464,28.363,115.245,92.264,22.981,373.408,169.392,114.248,55.144,204.016
1975Q3,1709.82,1047.192,502.752,146.788,355.964,544.44,265.192,266.579,197.807,61.275,108.527,28.006,68.772,-1.388,12.043,134.098,109.792,24.306,122.055,98.772,23.283,385.394,176.118,119.996,56.123,209.275
1975Q4,1761.831,1076.223,513.051,153.392,359.659,563.172,276.236,275.888,202.883,62.034,111.84,29.01,73.005,0.348,13.801,142.531,116.768,25.763,128.73,104.028,24.702,395.571,180.772,122.592,58.18,214.799
1976Q1,1820.487,1109.908,530.733,163.297,367.436,579.174,304.638,289.945,209.504,64.099,115.026,30.379,80.441,14.693,4.65,143.588,117.016,26.572,138.938,113.54,25.398,401.291,181.601,122.92,58.681,219.691
1976Q2,1852.332,1129.54,538.969,165.9,373.07,590.571,322.303,299.855,215.008,65.057,118.315,31.636,84.847,22.448,-0.496,146.621,119.084,27.537,147.116,121.324,25.792,400.985,182.502,123.427,59.075,218.482
1976Q3,1886.558,1158.806,550.453,169.845,380.608,608.353,328.307,307.501,222.627,66.683,123.099,32.845,84.874,20.807,-4.073,151.775,122.7,29.075,155.848,128.92,26.928,403.517,184.874,125.164,59.71,218.643
1976Q4,1934.273,1192.408,565.063,175.455,389.607,627.345,337.65,327.132,230.244,67.821,128.525,33.897,96.888,10.518,-6.603,156.076,127.136,28.94,162.68,134.744,27.936,410.818,190.224,128.298,61.926,220.595
1977Q1,1988.648,1228.212,580.398,183.931,396.467,647.814,360.313,345.491,243.278,69.732,139.0,34.546,102.213,14.822,-21.079,155.354,126.324,29.03,176.433,147.624,28.81,421.202,194.23,131.586,62.644,226.972
1977Q2,2055.909,1255.98,592.927,189.223,403.704,663.054,389.703,370.233,253.749,73.631,144.64,35.478,116.485,19.469,-21.136,161.906,131.34,30.566,183.042,153.15,29.891,431.362,198.93,134.126,64.804,232.431
1977Q3,2118.473,1286.905,603.902,193.992,409.909,683.003,414.134,383.251,263.268,76.409,150.611,36.249,119.982,30.884,-20.579,162.325,130.636,31.689,182.904,153.171,29.733,438.014,201.899,135.347,66.552,236.115
1977Q4,2164.27,1324.804,624.31,200.706,423.604,700.494,422.299,398.179,275.943,78.54,160.407,36.997,122.235,24.121,-29.582,157.809,125.34,32.469,187.391,156.571,30.82,446.749,206.299,136.574,69.725,240.45
1978Q1,2202.76,1354.053,629.241,198.168,431.073,724.811,434.799,409.346,282.424,80.018,164.61,37.796,126.921,25.453,-38.681,164.601,129.845,34.756,203.282,170.334,32.948,452.589,208.795,138.73,70.065,243.794
1978Q2,2331.633,1411.385,660.999,216.187,444.812,750.386,470.584,446.328,309.351,90.259,179.682,39.41,136.976,24.257,-22.624,186.215,150.606,35.609,208.84,175.132,33.708,472.288,217.004,144.166,72.837,255.284
1978Q3,2395.053,1442.217,672.36,216.74,455.62,769.856,492.368,467.401,325.1,98.559,185.477,41.063,142.302,24.966,-23.76,191.302,153.627,37.675,215.062,179.406,35.656,484.229,222.073,147.31,74.763,262.155
1978Q4,2476.949,1481.354,691.665,222.299,469.367,789.689,515.755,487.269,341.428,105.498,192.766,43.164,145.84,28.487,-16.4,205.415,165.55,39.865,221.815,184.765,37.05,496.241,227.818,150.519,77.299,268.423
1979Q1,2526.61,1517.141,707.868,223.278,484.59,809.273,525.809,501.957,356.695,107.879,203.43,45.386,145.262,23.852,-18.159,211.669,170.867,40.802,229.828,192.183,37.646,501.818,231.682,153.738,77.944,270.136
1979Q2,2591.247,1557.635,722.167,222.101,500.067,835.468,539.293,511.892,364.268,112.844,204.185,47.239,147.625,27.401,-22.189,220.908,178.909,41.999,243.097,204.074,39.022,516.508,237.578,158.616,78.962,278.929
1979Q3,2667.565,1611.867,753.278,230.932,522.347,858.589,545.621,533.49,383.003,121.814,212.114,49.074,150.488,12.131,-23.029,234.277,191.253,43.024,257.306,216.774,40.532,533.106,243.694,162.687,81.006,289.412
1979Q4,2723.883,1655.035,768.437,229.049,539.388,886.599,547.875,539.323,391.332,128.268,212.49,50.574,147.99,8.553,-26.802,253.664,208.036,45.628,280.466,238.117,42.35,547.775,249.342,167.308,82.034,298.433
1980Q1,2789.842,1702.302,792.001,232.055,559.946,910.301,554.562,544.663,404.492,132.557,219.621,52.314,140.171,9.899,-35.803,268.508,221.979,46.529,304.311,259.654,44.657,568.781,261.064,175.177,85.887,307.717
1980Q2,2797.352,1704.723,777.831,211.917,565.914,926.892,519.294,511.544,394.68,132.299,209.102,53.279,116.864,7.75,-15.211,277.389,227.7,49.689,292.6,248.469,44.131,588.547,276.514,181.961,94.553,312.033
1980Q3,2856.483,1763.771,801.862,225.363,576.499,961.909,495.071,528.927,405.717,135.769,215.242,54.706,123.21,-33.855,5.471,284.673,232.517,52.156,279.202,234.147,45.055,592.169,276.086,183.794,92.291,316.083
1980Q4,2985.557,1831.874,827.48,236.23,591.25,1004.394,551.472,560.59,422.755,144.056,221.582,57.117,137.835,-9.118,-6.682,292.517,239.515,53.002,299.2,252.012,47.188,608.893,285.815,192.687,93.128,323.079
1981Q1,3124.206,1885.734,860.091,246.047,614.044,1025.643,619.381,580.626,443.025,150.017,231.96,61.048,137.601,38.755,-14.259,305.467,247.244,58.224,319.726,270.186,49.539,633.35,297.218,200.158,97.06,336.132
1981Q2,3162.532,1917.524,863.784,240.936,622.849,1053.74,609.843,598.129,462.864,161.01,238.318,63.536,135.265,11.713,-13.508,308.455,248.75,59.705,321.963,271.773,50.19,648.673,311.91,210.235,101.675,336.763
1981Q3,3260.609,1958.099,881.052,251.925,629.127,1077.047,652.297,608.337,482.109,169.743,246.606,65.76,126.228,43.96,-7.561,302.339,241.701,60.637,309.9,260.494,49.406,657.774,317.448,216.164,101.284,340.326
1981Q4,3280.818,1974.447,872.546,236.844,635.702,1101.901,643.395,618.589,503.755,188.485,246.525,68.745,114.834,24.807,-14.75,304.695,243.13,61.565,319.445,268.804,50.641,677.727,329.343,226.93,102.413,348.384
1982Q1,3274.302,2014.155,886.293,246.439,639.854,1127.862,588.318,609.784,500.083,186.622,242.825,70.637,109.701,-21.466,-16.276,293.202,232.305,60.896,309.478,257.624,51.854,688.104,334.857,232.589,102.269,353.247
1982Q2,3331.972,2039.645,887.947,249.226,638.721,1151.697,593.621,597.786,490.069,182.45,235.435,72.185,107.717,-4.166,-4.386,294.729,233.876,60.852,299.115,245.844,53.271,703.093,342.92,242.237,100.683,360.173
1982Q3,3366.322,2085.671,901.826,252.107,649.719,1183.846,592.954,587.157,478.723,172.926,232.297,73.5,108.433,5.798,-29.647,279.634,218.518,61.116,309.282,257.204,52.078,717.344,351.509,249.191,102.318,365.835
1982Q4,3402.561,2145.554,921.096,264.356,656.74,1224.459,549.242,589.062,471.521,168.257,228.891,74.374,117.54,-39.82,-29.587,265.274,205.5,59.774,294.861,241.496,53.365,737.351,364.058,257.601,106.457,373.293
1983Q1,3473.413,2184.589,925.911,268.908,657.003,1258.678,565.52,600.58,462.106,158.581,227.091,76.435,138.473,-35.06,-24.548,270.703,209.694,61.009,295.251,242.509,52.742,747.852,370.501,261.538,108.964,377.351
1983Q2,3578.848,2249.438,962.632,289.584,673.049,1286.806,613.783,621.454,466.455,149.502,237.585,79.369,155.0,-7.672,-45.434,272.514,209.1,63.414,317.949,262.76,55.189,761.061,380.323,268.573,111.75,380.739
1983Q3,3689.179,2319.895,990.798,302.362,688.437,1329.097,652.269,656.472,485.371,152.648,249.81,82.913,171.101,-4.204,-65.2,278.181,214.318,63.863,343.381,285.851,57.53,782.216,394.447,274.538,119.909,387.769
1983Q4,3794.706,2372.496,1015.792,319.27,696.522,1356.704,718.496,694.564,514.687,156.644,271.388,86.654,179.877,23.932,-71.385,286.587,223.082,63.504,357.972,299.59,58.382,775.099,384.159,283.571,100.588,390.94
1984Q1,3908.054,2418.165,1037.895,331.439,706.457,1380.27,790.872,717.89,531.465,165.735,275.598,90.132,186.425,72.982,-95.004,292.975,224.345,68.63,387.978,322.454,65.524,794.021,392.404,287.855,104.549,401.617
1984Q2,4009.601,2475.876,1063.643,341.269,722.374,1412.233,818.894,749.573,558.274,175.807,288.951,93.516,191.299,69.321,-104.301,302.2,229.957,72.243,406.501,337.925,68.576,819.132,408.298,293.927,114.371,410.833
1984Q3,4084.25,2513.523,1066.641,342.075,724.567,1446.882,838.852,767.514,576.642,182.528,297.338,96.775,190.872,71.338,-103.847,305.744,234.401,71.344,409.591,339.857,69.734,835.72,413.986,298.336,115.65,421.734
1984Q4,4148.551,2561.797,1086.621,353.84,732.781,1475.175,831.741,783.762,590.903,185.519,305.614,99.77,192.86,47.979,-107.756,308.603,236.442,72.162,416.359,345.028,71.331,862.769,432.53,314.936,117.593,430.24
1985Q1,4230.168,2636.008,1110.392,368.007,742.385,1525.616,809.865,793.636,599.417,194.875,302.612,101.93,194.219,16.23,-91.298,306.01,232.103,73.907,397.308,325.388,71.92,875.592,434.778,313.912,120.866,440.814
1985Q2,4294.887,2681.764,1126.011,373.251,752.76,1555.754,827.04,805.394,609.088,195.236,309.543,104.31,196.306,21.646,-114.445,304.126,228.745,75.381,418.571,344.425,74.146,900.527,447.306,323.695,123.611,453.221
1985Q3,4386.773,2754.148,1156.936,396.451,760.485,1597.213,822.157,805.854,604.432,192.21,306.093,106.129,201.422,16.303,-116.895,297.273,222.172,75.102,414.168,340.521,73.647,927.363,463.111,337.653,125.458,464.252
1985Q4,4444.094,2779.4,1157.097,383.752,773.345,1622.303,859.545,826.426,618.067,195.751,313.379,108.937,208.359,33.119,-133.434,305.433,226.935,78.498,438.867,362.844,76.023,938.584,466.441,342.744,123.697,472.143
1986Q1,4507.894,2823.648,1170.877,391.626,779.252,1652.771,863.457,833.06,613.525,191.672,310.777,111.076,219.534,30.397,-126.014,313.404,224.487,88.916,439.418,357.705,81.713,946.803,463.966,339.119,124.847,482.837
1986Q2,4545.34,2851.456,1174.742,407.291,767.452,1676.713,855.237,839.574,605.016,174.504,317.524,112.988,234.559,15.663,-128.872,315.119,227.868,87.25,443.99,365.1,78.89,967.519,477.801,350.78,127.021,489.718
1986Q3,4607.669,2917.201,1216.749,445.707,771.042,1700.452,835.832,842.851,601.964,169.021,318.616,114.328,240.887,-7.019,-138.961,320.471,229.819,90.652,459.432,374.757,84.675,993.597,495.057,364.25,130.807,498.54
1986Q4,4657.627,2952.807,1220.14,441.133,779.007,1732.668,842.063,854.822,610.553,170.911,323.862,115.78,244.268,-12.759,-133.629,334.999,243.612,91.388,468.628,382.462,86.166,996.385,489.807,355.289,134.518,506.577
1987Q1,4722.156,2983.513,1215.879,418.497,797.382,1767.634,871.196,843.222,596.551,166.921,312.608,117.022,246.672,27.973,-141.234,336.451,242.984,93.467,477.685,389.536,88.149,1008.681,492.136,361.483,130.653,516.544
1987Q2,4806.16,3053.33,1251.382,439.101,812.281,1801.948,874.588,858.064,608.371,169.576,320.184,118.611,249.693,16.524,-146.977,355.36,258.804,96.556,502.337,409.062,93.275,1025.219,501.195,370.996,130.199,524.024
1987Q3,4884.555,3117.358,1281.197,460.541,820.656,1836.16,876.466,875.449,625.48,177.585,327.084,120.811,249.969,1.017,-145.464,371.854,272.079,99.775,517.318,422.798,94.52,1036.195,504.113,377.779,126.334,532.082
1987Q4,5007.994,3150.916,1276.73,449.949,826.781,1874.186,946.459,883.376,630.552,182.728,323.803,124.02,252.825,63.082,-145.405,392.107,288.348,103.759,537.511,437.677,99.834,1056.024,513.695,379.281,134.415,542.329
1988Q1,5073.372,3231.896,1308.826,470.439,838.387,1923.07,908.569,891.613,641.498,178.614,335.612,127.272,250.115,16.956,-123.987,418.727,311.241,107.486,542.714,441.487,101.227,1056.893,505.781,378.436,127.345,551.112
1988Q2,5190.036,3291.716,1326.763,473.223,853.54,1964.954,934.525,914.877,659.366,184.151,344.833,130.383,255.51,19.648,-106.627,439.471,328.498,110.973,546.098,445.679,100.419,1070.421,506.939,379.824,127.115,563.482
1988Q3,5282.835,3361.899,1341.166,470.389,870.778,2020.733,942.009,923.828,666.332,183.452,349.142,133.738,257.495,18.181,-99.263,453.586,338.686,114.9,552.849,451.121,101.728,1078.19,507.399,379.017,128.382,570.792
1988Q4,5399.509,3434.539,1372.483,486.162,886.321,2062.056,962.748,943.605,681.924,184.943,357.678,139.304,261.681,19.144,-107.694,466.619,349.792,116.828,574.314,470.214,104.1,1109.916,525.639,391.126,134.513,584.277
1989Q1,5511.253,3490.172,1388.977,486.451,902.525,2101.195,1005.487,957.35,696.466,189.505,363.359,143.602,260.884,48.137,-100.965,485.189,360.484,124.705,586.154,481.986,104.168,1116.559,519.856,382.083,137.773,596.703
1989Q2,5612.463,3553.767,1421.093,493.344,927.749,2132.674,1001.047,964.79,708.998,189.565,371.633,147.8,255.792,36.257,-88.16,507.229,379.59,127.639,595.389,490.713,104.676,1145.809,534.328,391.481,142.847,611.481
1989Q3,5695.365,3609.399,1441.926,505.638,936.288,2167.474,996.46,986.635,731.137,197.739,381.049,152.349,255.498,9.826,-75.075,509.352,379.039,130.313,584.427,477.447,106.98,1164.58,541.409,397.241,144.168,623.172
1989Q4,5747.237,3653.692,1443.223,491.885,951.338,2210.469,995.809,979.257,727.373,198.056,372.601,156.716,251.884,16.553,-82.765,515.387,379.887,135.5,598.152,489.02,109.132,1180.5,540.824,394.108,146.716,639.677
1990Q1,5872.701,3737.948,1489.567,515.394,974.173,2248.382,1010.838,996.884,740.88,204.137,376.407,160.336,256.004,13.954,-88.536,538.232,396.228,142.004,626.767,510.376,116.391,1212.45,553.681,401.891,151.79,658.769
1990Q2,5960.028,3783.421,1479.26,498.407,980.853,2304.16,1014.72,981.02,734.124,204.572,365.729,163.822,246.896,33.7,-68.833,545.925,400.633,145.292,614.759,495.803,118.956,1230.721,563.935,405.694,158.241,666.786
1990Q3,6015.116,3846.7,1496.676,493.57,1003.106,2350.024,1000.785,978.919,744.412,205.516,373.622,165.274,234.507,21.866,-74.953,555.149,406.337,148.812,630.102,506.283,123.819,1242.584,562.235,402.23,160.005,680.349
1990Q4,6004.733,3867.909,1499.702,480.947,1018.756,2368.207,947.453,958.787,737.519,197.443,371.807,168.27,221.268,-11.335,-79.096,568.186,409.862,158.324,647.282,519.82,127.462,1268.467,569.655,410.213,159.442,698.812
1991Q1,6035.178,3873.562,1485.841,471.691,1014.15,2387.721,924.569,940.088,729.8,194.901,361.307,173.592,210.289,-15.52,-47.14,573.177,420.656,152.521,620.317,496.967,123.35,1284.187,581.371,417.916,163.455,702.816
1991Q2,6126.862,3926.932,1497.013,475.248,1021.765,2429.918,926.541,944.575,726.787,189.888,358.16,178.74,217.788,-18.033,-23.188,590.733,427.097,163.636,613.921,491.023,122.898,1296.577,586.644,418.707,167.937,709.933
1991Q3,6205.937,3973.269,1508.728,484.336,1024.392,2464.541,947.476,946.633,720.15,177.485,362.57,180.096,226.483,0.843,-21.074,600.595,431.63,168.965,621.669,500.436,121.233,1306.265,586.324,416.103,170.221,719.941
1991Q4,6264.54,4000.032,1498.155,477.456,1020.699,2501.877,978.788,947.655,717.6,172.151,361.361,184.088,230.055,31.133,-23.053,615.217,441.158,174.059,638.27,514.455,123.815,1308.774,577.406,403.436,173.97,731.368
1992Q1,6363.102,4100.401,1533.848,496.18,1037.668,2566.552,956.817,956.571,714.208,169.931,360.058,184.22,242.362,0.246,-20.536,625.287,449.682,175.605,645.823,523.47,122.353,1326.421,580.332,402.466,177.866,746.089
1992Q2,6470.763,4155.66,1548.207,500.989,1047.218,2607.453,1013.084,989.875,736.717,170.64,379.543,186.534,253.159,23.209,-32.788,626.163,448.789,177.374,658.951,537.882,121.069,1334.807,580.904,401.666,179.237,753.904
1992Q3,6566.641,4226.971,1573.141,512.092,1061.049,2653.829,1024.162,1003.65,748.536,173.047,387.626,187.864,255.113,20.512,-38.488,639.365,460.554,178.811,677.853,553.86,123.993,1353.997,594.2,412.354,181.846,759.796
1992Q4,6680.803,4307.205,1597.874,523.064,1074.81,2709.331,1057.962,1036.618,768.287,176.671,399.564,192.052,268.331,21.344,-47.14,641.396,462.207,179.189,688.536,564.495,124.041,1362.775,598.377,409.372,189.004,764.399
1993Q1,6729.459,4349.515,1606.981,527.852,1079.129,2742.534,1083.829,1047.889,776.488,175.587,406.612,194.289,271.401,35.94,-55.704,643.606,460.366,183.24,699.31,575.865,123.445,1351.818,580.289,393.179,187.111,771.529
1993Q2,6808.939,4418.581,1634.169,547.842,1086.326,2784.412,1094.479,1070.375,792.371,174.132,421.532,196.707,278.005,24.104,-63.187,653.094,466.912,186.182,716.281,590.145,126.136,1359.066,576.737,389.16,187.576,782.33
1993Q3,6882.098,4487.189,1649.166,556.638,1092.528,2838.023,1095.852,1089.254,798.315,175.971,424.98,197.364,290.939,6.598,-68.354,650.897,462.555,188.342,719.251,592.109,127.142,1367.411,578.741,389.6,189.141,788.67
1993Q4,7013.738,4552.651,1679.072,573.796,1105.275,2873.579,1153.142,1136.53,829.642,182.914,447.438,199.29,306.889,16.612,-73.449,671.6,481.06,190.54,745.049,612.924,132.125,1381.394,584.909,394.644,190.265,796.484
1994Q1,7115.652,4621.223,1705.669,588.824,1116.845,2915.554,1201.675,1156.312,840.715,178.514,461.783,200.418,315.598,45.362,-80.595,681.232,484.124,197.108,761.827,627.223,134.604,1373.35,567.047,376.415,190.631,806.303
1994Q2,7246.931,4683.163,1726.814,598.721,1128.094,2956.348,1264.948,1183.538,855.609,187.092,465.422,203.094,327.929,81.411,-90.572,706.988,505.253,201.735,797.56,662.022,135.538,1389.392,569.374,379.934,189.44,820.018
1994Q3,7331.075,4752.761,1758.891,609.31,1149.581,2993.87,1251.749,1198.526,872.098,188.085,476.463,207.55,326.427,53.223,-96.868,736.883,533.801,203.082,833.751,695.66,138.091,1423.432,586.518,394.277,192.241,836.915
1994Q4,7455.288,4826.713,1794.84,631.83,1163.01,3031.873,1307.566,1232.424,906.989,193.38,501.851,211.758,325.435,75.142,-101.913,758.646,550.305,208.341,860.559,722.344,138.215,1422.923,575.796,377.83,197.966,847.127
1995Q1,7522.289,4862.436,1788.106,621.252,1166.854,3074.329,1327.586,1266.407,944.62,201.169,525.294,218.158,321.787,61.179,-105.329,781.57,571.566,210.004,886.899,745.464,141.435,1437.596,579.066,380.103,198.963,858.53
1995Q2,7580.997,4933.609,1803.898,626.914,1176.984,3129.711,1303.988,1270.229,956.779,207.376,525.398,224.004,313.451,33.759,-109.492,798.851,583.183,215.668,908.343,764.255,144.088,1452.892,581.01,381.884,199.125,871.882
1995Q3,7683.125,4998.662,1826.234,642.543,1183.691,3172.427,1303.248,1291.922,965.53,210.305,524.84,230.385,326.393,11.326,-74.444,831.399,605.751,225.648,905.843,759.719,146.124,1455.659,579.337,378.242,201.095,876.322
1995Q4,7772.586,5055.655,1843.893,652.242,1191.651,3211.762,1335.135,1316.705,982.059,210.232,536.979,234.849,334.645,18.431,-69.78,839.421,609.266,230.155,909.201,760.356,148.845,1451.575,567.315,368.407,198.908,884.26
1996Q1,7868.468,5130.615,1870.998,659.825,1211.173,3259.617,1355.353,1348.472,1003.747,214.308,546.017,243.422,344.725,6.881,-88.795,847.94,617.146,230.794,936.735,784.526,152.209,1471.295,579.828,378.552,201.276,891.466
1996Q2,8032.84,5220.499,1915.873,676.332,1239.541,3304.626,1418.388,1387.867,1026.468,219.793,556.858,249.817,361.399,30.521,-93.709,859.042,621.187,237.855,952.751,798.397,154.354,1487.662,582.142,380.806,201.336,905.521
1996Q3,8131.408,5274.505,1925.887,679.382,1246.505,3348.618,1474.35,1423.28,1058.965,225.302,577.0,256.663,364.315,51.07,-114.18,859.577,626.468,233.109,973.757,814.409,159.348,1496.733,577.756,376.132,201.624,918.978
1996Q4,8259.771,5352.763,1957.926,689.641,1268.285,3394.838,1480.128,1445.403,1083.597,238.928,581.359,263.31,361.806,34.725,-88.822,903.798,650.337,253.461,992.62,832.459,160.161,1515.702,576.913,373.556,203.356,938.789
1997Q1,8362.655,5433.105,1986.608,705.591,1281.017,3446.497,1522.404,1472.659,1107.299,242.66,587.506,277.134,365.359,49.745,-108.839,918.374,668.863,249.511,1027.213,861.459,165.754,1515.985,570.705,362.792,207.913,945.281
1997Q2,8518.825,5471.267,1974.308,696.587,1277.72,3496.96,1590.218,1501.843,1129.567,242.624,602.318,284.625,372.277,88.374,-85.201,954.45,700.974,253.476,1039.651,871.959,167.692,1542.541,587.181,375.804,211.377,955.361
1997Q3,8662.823,5579.179,2020.124,722.779,1297.345,3559.055,1625.251,1557.316,1178.364,255.654,630.464,292.246,378.952,67.935,-96.831,974.057,717.535,256.522,1070.888,898.369,172.519,1555.224,586.047,372.335,213.712,969.177
1997Q4,8765.907,5663.61,2044.983,737.161,1307.821,3618.627,1644.529,1566.877,1181.123,260.124,623.149,297.85,385.754,77.652,-117.014,968.33,712.176,256.154,1085.344,910.83,174.514,1574.782,589.224,377.03,212.194,985.558
1998Q1,8866.48,5721.342,2044.382,737.702,1306.679,3676.961,1712.324,1607.224,1212.378,261.74,645.754,304.884,394.846,105.1,-135.215,963.021,708.166,254.855,1098.236,920.8,177.436,1568.029,572.164,356.631,215.533,995.865
1998Q2,8969.699,5832.566,2089.162,769.238,1319.925,3743.404,1695.773,1658.434,1247.103,278.92,655.875,312.308,411.33,37.34,-162.331,947.295,683.706,263.589,1109.626,926.876,182.75,1603.691,587.065,369.316,217.749,1016.626
1998Q3,9121.097,5926.846,2119.865,785.044,1334.82,3806.982,1741.623,1689.202,1261.652,280.799,658.429,322.424,427.55,52.42,-174.634,935.263,676.575,258.688,1109.897,922.498,187.399,1627.262,588.63,376.634,211.996,1038.633
1998Q4,9293.991,6028.238,2180.349,825.189,1355.16,3847.889,1796.964,1736.947,1295.444,282.556,680.0,332.888,441.503,60.017,-178.663,966.337,701.814,264.523,1145.0,952.829,192.171,1647.452,594.203,372.43,221.772,1053.249
1999Q1,9411.682,6102.04,2204.892,819.948,1384.945,3897.147,1853.063,1769.668,1322.305,284.024,695.097,343.185,447.363,83.394,-212.559,960.764,687.945,272.819,1173.324,978.939,194.384,1669.139,595.141,372.226,222.915,1073.998
1999Q2,9526.21,6230.641,2273.073,854.805,1418.268,3957.569,1848.341,1813.23,1353.96,283.078,712.119,358.762,459.27,35.111,-247.53,974.597,697.321,277.276,1222.126,1024.016,198.11,1694.757,599.246,374.897,224.349,1095.511
1999Q3,9686.626,6335.31,2311.262,871.191,1440.071,4024.047,1893.735,1853.219,1386.594,285.085,728.141,373.368,466.625,40.516,-276.403,1005.309,717.941,287.368,1281.712,1077.272,204.44,1733.984,614.158,386.565,227.593,1119.826
1999Q4,9900.169,6467.039,2359.019,876.329,1482.69,4108.02,1953.097,1868.855,1395.049,290.707,719.148,385.194,473.806,84.241,-301.708,1030.971,743.688,287.283,1332.679,1124.611,208.068,1781.74,634.344,399.328,235.016,1147.396
2000Q1,10002.179,6618.217,2413.086,920.875,1492.211,4205.131,1950.65,1934.493,1450.25,300.591,749.4,400.258,484.243,16.157,-356.583,1052.904,761.318,291.586,1409.487,1193.644,215.843,1789.895,619.368,383.028,236.34,1170.527
2000Q2,10247.72,6711.911,2437.05,901.931,1535.118,4274.861,2075.786,1985.342,1498.729,316.209,773.952,408.567,486.613,90.444,-362.501,1093.36,789.078,304.281,1455.86,1232.293,223.567,1822.524,641.178,399.592,241.587,1181.346
2000Q3,10318.165,6819.984,2469.15,911.658,1557.492,4350.834,2059.969,2002.736,1519.657,330.932,774.005,414.719,483.08,57.233,-393.867,1125.002,820.71,304.293,1518.869,1285.062,233.807,1832.078,633.55,391.017,242.533,1198.528
2000Q4,10435.744,6918.606,2493.402,915.823,1577.579,4425.204,2067.227,2012.884,1525.091,336.288,766.993,421.81,487.792,54.344,-411.343,1113.177,809.11,304.066,1524.52,1293.691,230.828,1861.253,638.18,396.642,241.538,1223.073
2001Q1,10470.231,6995.298,2499.246,926.811,1572.434,4496.052,1971.333,2001.963,1505.248,331.757,751.676,421.815,496.716,-30.631,-402.653,1096.812,796.274,300.537,1499.464,1265.827,233.637,1906.253,653.277,404.456,248.821,1252.976
2001Q2,10599.0,7042.25,2510.106,919.479,1590.627,4532.144,1973.033,1984.593,1473.585,338.872,716.017,418.696,511.008,-11.56,-364.015,1058.013,759.635,298.379,1422.028,1188.641,233.387,1947.731,666.231,410.022,256.209,1281.501
2001Q3,10598.02,7070.337,2515.247,923.888,1591.359,4555.089,1944.909,1975.026,1452.58,347.091,692.401,413.087,522.446,-30.116,-370.634,998.902,713.103,285.799,1369.536,1144.4,225.136,1953.408,674.447,415.419,259.028,1278.961
2001Q4,10660.465,7187.32,2577.774,995.882,1581.892,4609.546,1850.091,1930.92,1408.856,316.321,685.974,406.561,522.064,-80.829,-369.688,953.52,689.26,264.26,1323.208,1105.885,217.323,1992.742,686.892,422.75,264.142,1305.85
2002Q1,10783.5,7217.715,2561.883,976.249,1585.634,4655.831,1912.659,1912.366,1374.027,302.665,667.253,404.11,538.339,0.293,-386.884,969.157,685.521,283.636,1356.041,1121.552,234.489,2040.01,714.032,440.905,273.128,1325.978
2002Q2,10887.46,7307.955,2586.933,977.397,1609.535,4721.022,1933.282,1912.113,1357.267,289.347,661.929,405.991,554.846,21.169,-428.259,1004.154,712.087,292.068,1432.413,1197.398,235.015,2074.482,734.758,452.478,282.281,1339.723
2002Q3,10984.04,7397.135,2618.442,1001.72,1616.722,4778.693,1933.197,1907.764,1348.884,278.214,661.341,409.328,558.88,25.433,-447.548,1015.56,722.396,293.163,1463.107,1226.382,236.725,2101.256,748.351,460.19,288.161,1352.905
2002Q4,11061.433,7472.958,2627.961,986.105,1641.855,4844.998,1942.531,1909.528,1331.215,277.719,648.036,405.46,578.313,33.004,-496.289,1003.046,706.324,296.722,1499.335,1250.075,249.26,2142.232,775.246,482.157,293.089,1366.986
2003Q1,11174.129,7567.16,2657.334,974.533,1682.801,4909.826,1960.221,1934.14,1332.696,279.223,644.287,409.186,601.444,26.081,-525.262,1004.201,715.914,288.287,1529.463,1279.749,249.714,2172.01,792.724,494.975,297.749,1379.285
2003Q2,11312.766,7661.458,2677.898,1007.819,1670.079,4983.56,1972.386,1978.873,1366.842,286.906,665.224,414.712,612.032,-6.488,-519.87,1007.465,716.648,290.817,1527.336,1281.91,245.425,2198.793,825.97,521.93,304.041,1372.822
2003Q3,11566.669,7820.927,2766.247,1041.776,1724.47,5054.68,2044.304,2043.866,1392.121,287.938,680.669,423.514,651.745,0.438,-518.994,1037.31,731.79,305.52,1556.304,1293.03,263.274,2220.432,833.257,524.011,309.245,1387.175
2003Q4,11772.234,7913.453,2788.911,1047.074,1741.837,5124.541,2131.311,2094.966,1411.859,292.354,692.293,427.212,683.107,36.345,-523.694,1091.682,771.145,320.537,1615.376,1341.454,273.921,2251.164,855.125,543.967,311.159,1396.039
2004Q1,11923.447,8048.777,2843.234,1064.229,1779.005,5205.543,2154.052,2108.027,1401.83,292.302,681.801,427.726,706.197,46.025,-565.975,1133.669,796.971,336.698,1699.644,1414.514,285.13,2286.594,871.8,556.149,315.651,1414.794
2004Q2,12112.815,8147.108,2868.978,1065.972,1803.006,5278.129,2262.607,2188.618,1445.457,300.777,713.497,431.184,743.16,73.989,-617.581,1170.152,822.123,348.03,1787.734,1495.996,291.738,2320.682,884.561,562.839,321.722,1436.121
2004Q3,12305.307,8283.335,2911.339,1085.046,1826.294,5371.996,2318.272,2254.106,1490.495,313.984,734.204,442.307,763.611,64.166,-652.672,1180.185,834.887,345.298,1832.856,1533.073,299.784,2356.371,902.509,580.699,321.81,1453.862
2004Q4,12527.214,8448.621,2984.533,1107.05,1877.483,5464.088,2390.082,2317.993,1531.693,323.55,758.084,450.058,786.299,72.089,-700.336,1221.444,857.918,363.526,1921.78,1610.899,310.882,2388.847,909.622,579.825,329.797,1479.225
2005Q1,12767.286,8551.735,3001.947,1109.964,1891.983,5549.788,2486.068,2383.59,1568.306,337.524,768.581,462.2,815.285,102.477,-696.655,1258.408,883.706,374.703,1955.063,1642.369,312.694,2426.138,931.826,598.417,333.409,1494.312
2005Q2,12922.656,8701.145,3057.414,1137.918,1919.496,5643.732,2476.474,2447.639,1603.838,344.955,786.904,471.979,843.801,28.835,-707.21,1294.853,917.269,377.584,2002.063,1687.464,314.598,2452.246,939.279,605.982,333.297,1512.967
2005Q3,13142.642,8868.089,3137.844,1151.814,1986.031,5730.245,2531.076,2518.722,1643.13,355.751,808.296,479.083,875.593,12.353,-750.961,1302.315,921.424,380.89,2053.275,1733.059,320.216,2494.438,956.393,616.39,340.004,1538.045
2005Q4,13324.204,8955.295,3134.486,1114.745,2019.741,5820.809,2645.263,2558.875,1668.669,373.603,815.793,479.272,890.206,86.388,-804.786,1350.743,954.977,395.766,2155.529,1828.111,327.418,2528.432,963.65,616.96,346.69,1564.782
2006Q1,13599.16,9100.153,3196.843,1154.128,2042.714,5903.311,2709.74,2631.526,1735.308,397.604,850.152,487.552,896.218,78.214,-790.818,1413.966,1002.764,411.202,2204.784,1857.676,347.109,2580.086,997.067,635.719,361.348,1583.019
2006Q2,13753.424,9227.649,3226.093,1149.249,2076.844,6001.556,2709.252,2633.739,1774.4,420.098,857.64,496.662,859.339,75.513,-794.042,1459.767,1034.443,425.324,2253.809,1899.932,353.877,2610.565,997.164,639.956,357.209,1613.401
2006Q3,13870.188,9353.772,3273.437,1160.532,2112.905,6080.335,2709.42,2630.666,1815.947,435.822,867.41,512.716,814.718,78.754,-823.284,1475.417,1051.903,423.515,2298.702,1944.032,354.669,2630.28,995.447,632.375,363.072,1634.833
2006Q4,14039.56,9427.368,3262.249,1169.422,2092.827,6165.119,2675.406,2631.93,1849.549,447.221,873.929,528.399,782.381,43.476,-737.668,1531.531,1083.226,448.305,2269.198,1900.921,368.277,2674.454,1015.078,655.208,359.871,1659.375
2007Q1,14215.651,9572.138,3308.125,1179.022,2129.103,6264.013,2664.295,2642.923,1892.034,469.629,886.253,536.152,750.889,21.372,-739.273,1577.991,1105.493,472.498,2317.264,1938.16,379.104,2718.491,1017.545,654.605,362.94,1700.946
2007Q2,14402.082,9678.713,3351.8,1185.692,2166.108,6326.913,2699.217,2656.992,1937.718,498.116,897.845,541.758,719.274,42.225,-745.806,1622.764,1136.432,486.332,2368.569,1980.15,388.419,2769.958,1042.453,674.082,368.371,1727.505
2007Q3,14564.117,9798.383,3380.01,1191.859,2188.151,6418.373,2685.969,2641.047,1967.377,526.678,896.02,544.679,673.671,44.922,-728.954,1685.71,1176.013,509.697,2414.664,2015.055,399.609,2808.718,1058.838,684.421,374.417,1749.881
2007Q4,14715.058,9937.14,3428.187,1195.599,2232.589,6508.952,2642.56,2615.279,1997.123,546.786,893.612,556.724,618.156,27.281,-729.699,1750.714,1220.998,529.716,2480.413,2077.517,402.896,2865.057,1085.263,703.947,381.316,1779.794
2008Q1,14706.538,10004.445,3406.368,1153.509,2252.859,6598.077,2563.701,2580.374,2013.699,556.86,885.403,571.436,566.675,-16.673,-771.248,1813.321,1273.676,539.645,2584.568,2165.461,419.107,2909.64,1111.183,721.214,389.969,1798.456
2008Q2,14865.701,10129.869,3443.532,1137.729,2305.803,6686.336,2540.595,2562.847,2024.039,571.937,871.824,580.278,538.808,-22.252,-776.404,1905.282,1351.521,553.761,2681.686,2258.725,422.961,2971.642,1146.64,742.246,404.394,1825.002
2008Q3,14898.999,10159.078,3427.907,1095.819,2332.089,6731.171,2498.242,2514.067,2007.007,578.839,852.11,576.058,507.06,-15.825,-787.354,1922.215,1371.161,551.054,2709.569,2274.715,434.854,3029.032,1170.238,766.263,403.975,1858.795
2008Q4,14608.209,9906.942,3175.077,1007.986,2167.09,6731.865,2307.915,2370.13,1918.738,576.791,772.186,569.762,451.391,-62.215,-628.474,1700.304,1167.742,532.562,2328.779,1895.813,432.966,3021.826,1179.781,771.619,408.161,1842.046
2009Q1,14430.902,9814.969,3120.027,1004.48,2115.548,6694.942,2014.878,2165.874,1761.401,527.728,683.537,550.136,404.473,-150.996,-420.992,1511.768,1004.707,507.062,1932.761,1522.976,409.785,3022.047,1185.23,765.428,419.802,1836.817
2009Q2,14381.236,9805.502,3134.475,994.7,2139.774,6671.028,1863.65,2059.651,1684.966,473.07,652.184,559.711,374.685,-196.001,-358.368,1521.093,1004.492,516.601,1879.461,1473.612,405.849,3070.452,1213.488,782.914,430.574,1856.964
2009Q3,14448.882,9939.406,3228.477,1035.104,2193.373,6710.929,1841.416,2045.422,1656.037,429.528,662.038,564.471,389.385,-204.006,-423.998,1594.725,1067.092,527.632,2018.722,1606.562,412.16,3092.058,1228.253,792.801,435.452,1863.804
2009Q4,14651.249,10004.996,3237.111,1014.201,2222.909,6767.885,1998.71,2050.795,1659.323,392.94,683.287,583.096,391.472,-52.084,-473.254,1703.508,1153.274,550.234,2176.763,1749.307,427.456,3120.796,1256.168,809.117,447.051,1864.628
2010Q1,14764.61,10101.822,3266.153,1021.085,2245.069,6835.669,2038.161,2039.398,1659.963,368.793,719.807,571.363,379.435,-1.237,-509.192,1759.877,1200.191,559.687,2269.069,1838.02,431.048,3133.819,1278.359,817.507,460.851,1855.46
2010Q2,14980.193,10208.145,3291.234,1043.901,2247.333,6916.911,2148.795,2112.087,1715.746,382.076,763.672,569.998,396.341,36.708,-542.514,1819.741,1250.419,569.321,2362.255,1925.769,436.486,3165.768,1305.049,828.047,477.003,1860.719
2010Q3,15141.607,10300.754,3315.119,1052.423,2262.696,6985.635,2236.495,2123.598,1762.364,379.089,804.497,578.778,361.234,112.897,-553.943,1877.253,1283.042,594.211,2431.195,1982.309,448.887,3158.301,1304.343,828.9,475.444,1853.957
2010Q4,15309.474,10430.304,3398.792,1078.441,2320.351,7031.511,2238.44,2171.138,1801.85,389.176,820.133,592.54,369.289,67.301,-523.586,1972.116,1358.029,614.086,2495.702,2042.076,453.626,3164.317,1312.878,837.429,475.449,1851.438
2011Q1,15351.448,10558.195,3469.035,1087.927,2381.108,7089.16,2205.962,2173.885,1805.118,362.208,839.817,603.092,368.767,32.078,-568.476,2040.407,1415.217,625.19,2608.884,2159.841,449.042,3155.768,1305.974,831.587,474.387,1849.794
2011Q2,15557.539,10673.018,3514.457,1082.903,2431.554,7158.561,2297.352,2236.305,1862.009,392.671,854.272,615.066,374.296,61.047,-581.092,2116.132,1468.785,647.347,2697.224,2231.487,465.738,3168.261,1312.725,843.03,469.696,1855.536
2011Q3,15647.68,10755.029,3527.775,1090.755,2437.019,7227.254,2322.84,2334.873,1953.756,421.163,904.533,628.06,381.117,-12.033,-567.111,2156.793,1489.634,667.159,2723.903,2249.944,473.959,3136.922,1288.651,834.975,453.676,1848.272
2011Q4,15842.259,10809.186,3561.217,1112.409,2448.807,7247.97,2504.095,2400.138,2008.976,441.786,926.474,640.716,391.162,103.956,-601.788,2150.123,1500.186,649.936,2751.911,2283.255,468.656,3130.765,1291.701,826.319,465.382,1839.065
2012Q1,16068.805,10959.301,3628.717,1138.093,2490.624,7330.585,2567.75,2487.473,2073.366,470.093,957.835,645.438,414.107,80.278,-602.271,2189.981,1515.399,674.583,2792.253,2319.464,472.788,3144.024,1296.091,824.076,472.015,1847.934
2012Q2,16207.115,11005.055,3616.376,1133.557,2482.819,7388.679,2636.863,2545.458,2126.171,488.086,984.355,653.729,419.287,91.406,-565.241,2215.586,1533.443,682.143,2780.827,2304.247,476.581,3130.438,1288.592,816.01,472.582,1841.846
2012Q3,16319.541,11059.393,3631.806,1141.673,2490.133,7427.587,2644.119,2559.69,2125.95,484.703,984.294,656.953,433.74,84.429,-523.083,2227.734,1541.36,686.373,2750.817,2273.133,477.684,3139.112,1293.789,820.214,473.575,1845.323
2012Q4,16420.419,11165.703,3674.058,1163.561,2510.497,7491.645,2638.282,2609.548,2148.622,474.859,1007.118,666.645,460.926,28.734,-515.874,2237.498,1528.184,709.314,2753.373,2276.217,477.155,3132.308,1269.569,796.401,473.169,1862.739
2013Q1,16648.189,11277.664,3736.715,1189.742,2546.973,7540.949,2746.42,2661.196,2175.318,463.63,1026.153,685.536,485.878,85.223,-499.348,2255.929,1541.127,714.802,2755.277,2289.169,466.108,3123.454,1240.079,774.681,465.399,1883.375
2013Q2,16728.687,11315.681,3710.508,1187.617,2522.891,7605.173,2780.242,2697.549,2188.629,479.157,1025.121,684.351,508.92,82.693,-498.38,2261.403,1547.671,713.732,2759.783,2290.145,469.638,3131.143,1232.561,770.584,461.978,1898.582
2013Q3,16953.838,11408.359,3745.276,1191.933,2553.343,7663.083,2892.354,2755.705,2230.759,505.483,1026.188,699.087,524.946,136.649,-482.067,2285.116,1556.674,728.442,2767.183,2295.565,471.618,3135.192,1219.64,757.661,461.98,1915.551
2013Q4,17192.019,11551.229,3776.235,1197.851,2578.384,7774.995,2934.291,2816.948,2290.541,517.584,1063.537,709.421,526.407,117.343,-434.019,2349.24,1609.979,739.261,2783.259,2300.673,482.585,3140.517,1217.254,754.351,462.904,1923.263
2014Q1,17197.738,11646.001,3810.321,1207.539,2602.782,7835.68,2922.765,2870.77,2335.499,544.989,1072.304,718.207,535.27,51.995,-510.088,2343.602,1593.798,749.804,2853.69,2360.774,492.916,3139.06,1212.935,744.986,467.95,1926.125
2014Q2,17518.508,11810.451,3885.854,1244.233,2641.621,7924.597,3059.096,2961.343,2407.208,572.236,1101.386,733.586,554.134,97.753,-505.404,2395.168,1630.163,765.006,2900.572,2405.659,494.914,3154.366,1210.985,742.42,468.566,1943.38
2014Q3,17804.228,11959.79,3921.912,1261.26,2660.652,8037.877,3142.047,3038.113,2465.578,582.391,1134.139,749.048,572.535,103.934,-489.357,2399.191,1635.782,763.41,2888.549,2392.715,495.833,3191.749,1230.648,755.041,475.607,1961.101
2014Q4,17912.079,12081.561,3928.222,1276.009,2652.212,8153.339,3172.016,3086.53,2492.333,598.815,1128.514,765.004,594.197,85.485,-530.751,2376.218,1608.074,768.144,2906.969,2398.103,508.866,3189.253,1213.721,733.767,479.954,1975.532
2015Q1,18063.529,12119.763,3896.791,1291.044,2605.746,8222.973,3282.283,3107.041,2497.171,592.503,1139.214,765.453,609.87,175.242,-526.432,2299.045,1524.378,774.666,2825.476,2330.096,495.38,3187.915,1216.238,730.203,486.035,1971.677
2015Q2,18279.784,12264.14,3958.93,1317.766,2641.163,8305.21,3291.104,3139.856,2510.545,597.951,1141.608,770.986,629.311,151.248,-509.527,2300.441,1526.431,774.01,2809.968,2309.085,500.883,3234.067,1222.387,733.548,488.839,2011.68
2015Q3,18401.626,12382.494,3993.596,1326.9,2666.696,8388.898,3303.66,3176.809,2521.879,584.073,1155.625,782.181,654.93,126.851,-538.082,2260.724,1487.842,772.882,2798.806,2290.923,507.883,3253.554,1222.398,726.729,495.669,2031.156
2015Q4,18435.137,12423.353,3971.202,1327.463,2643.739,8452.151,3276.879,3169.729,2500.42,563.567,1139.957,796.896,669.31,107.15,-523.238,2222.279,1448.092,774.187,2745.517,2228.26,517.257,3258.142,1230.084,731.007,499.077,2028.059
2016Q1,18525.933,12523.156,3971.529,1338.655,2632.874,8551.628,3244.317,3181.999,2488.836,541.427,1132.464,814.945,693.163,62.318,-511.682,2181.957,1414.261,767.696,2693.639,2179.765,513.874,3270.141,1229.649,726.546,503.103,2040.492
2016Q2,18711.702,12665.124,4023.824,1345.902,2677.922,8641.3,3246.381,3215.897,2511.643,557.013,1116.87,837.761,704.254,30.484,-489.37,2221.936,1433.993,787.943,2711.306,2193.644,517.663,3289.566,1229.983,723.171,506.813,2059.583
2016Q3,18892.639,12797.126,4050.769,1366.32,2684.449,8746.357,3261.571,3256.247,2543.679,578.523,1112.963,852.193,712.569,5.324,-481.229,2270.0,1466.73,803.27,2751.229,2224.643,526.586,3315.171,1241.299,733.097,508.202,2073.872
2016Q4,19089.379,12921.989,4086.023,1375.105,2710.918,8835.966,3360.952,3302.805,2571.821,587.862,1116.828,867.13,730.983,58.147,-530.806,2268.339,1475.367,792.972,2799.145,2276.733,522.412,3337.245,1248.481,734.923,513.558,2088.764
2017Q1,19280.084,13097.306,4144.873,1385.09,2759.784,8952.433,3363.101,3356.791,2603.148,592.26,1126.307,884.582,753.643,6.311,-533.42,2339.728,1519.626,820.102,2873.148,2332.997,540.151,3353.096,1249.09,735.242,513.848,2104.006
2017Q2,19438.643,13188.73,4163.018,1394.392,2768.626,9025.712,3432.968,3407.44,2640.229,598.612,1147.226,894.391,767.212,25.528,-553.499,2349.681,1513.317,836.364,2903.18,2347.581,555.599,3370.444,1259.855,747.5,512.355,2110.589
2017Q3,19692.595,13325.065,4216.028,1417.806,2798.223,9109.036,3500.142,3445.283,2668.855,589.829,1165.64,913.386,776.428,54.859,-531.498,2384.524,1537.667,846.857,2916.022,2338.417,577.605,3398.886,1264.582,747.231,517.351,2134.304
2017Q4,20037.088,13551.401,4324.937,1466.355,2858.582,9226.464,3574.446,3530.448,2732.168,598.902,1200.639,932.628,798.28,43.998,-554.897,2479.107,1616.019,863.089,3034.004,2460.606,573.398,3466.137,1290.69,763.2,527.489,2175.447
2018Q1,20328.553,13745.074,4387.923,1483.333,2904.59,9357.152,3645.635,3610.589,2810.324,633.005,1220.546,956.773,800.265,35.045,-576.031,2517.268,1639.223,878.044,3093.299,2526.65,566.649,3513.876,1316.193,773.144,543.048,2197.683
2018Q2,20580.912,13891.294,4409.89,1488.127,2921.762,9481.404,3662.727,3666.129,2846.516,638.366,1222.023,986.128,819.613,-3.402,-543.823,2562.172,1699.196,862.977,3105.995,2538.03,567.965,3570.715,1334.726,785.757,548.969,2235.988
2018Q3,20798.73,14002.199,4422.452,1491.615,2930.836,9579.748,3788.692,3690.028,2870.365,641.986,1227.106,1001.274,819.662,98.664,-618.246,2535.501,1667.656,867.845,3153.747,2584.777,568.97,3626.086,1358.909,802.455,556.455,2267.176
2018Q4,20917.867,14099.199,4436.568,1492.248,2944.32,9662.631,3802.028,3706.704,2898.677,633.176,1240.806,1024.695,808.027,95.324,-634.207,2537.415,1671.102,866.313,3171.622,2586.742,584.881,3650.847,1375.352,818.904,556.448,2275.495
2019Q1,21111.6,14150.191,4430.05,1482.601,2947.448,9720.141,3850.77,3735.845,2932.41,642.215,1249.844,1040.352,803.435,114.925,-592.294,2540.244,1663.331,876.913,3132.539,2533.731,598.808,3702.934,1403.184,838.831,564.353,2299.75
2019Q2,21397.938,14350.662,4528.018,1517.861,3010.158,9822.644,3903.996,3820.789,3000.782,670.644,1263.133,1067.006,820.007,83.207,-617.962,2547.448,1641.37,906.078,3165.41,2561.04,604.37,3761.243,1408.036,840.28,567.755,2353.207
2019Q3,21717.171,14548.282,4576.195,1544.227,3031.968,9972.087,3939.599,3869.365,3031.12,702.495,1241.745,1086.881,838.245,70.234,-585.547,2532.405,1636.726,895.679,3117.952,2519.01,598.942,3814.837,1426.884,855.028,571.857,2387.952
2019Q4,21933.217,14701.038,4597.004,1549.885,3047.119,10104.034,3880.57,3857.115,3010.301,696.11,1208.882,1105.309,846.813,23.455,-513.359,2537.466,1637.594,899.871,3050.824,2452.962,597.862,3864.968,1439.895,863.886,576.008,2425.073
2020Q1,21751.238,14503.098,4565.327,1484.685,3080.642,9937.771,3807.7,3842.806,2965.479,690.123,1149.198,1126.159,877.327,-35.107,-501.596,2430.941,1595.571,835.37,2932.536,2372.814,559.723,3942.036,1460.256,872.027,588.229,2481.779
2020Q2,19958.291,13193.297,4399.325,1467.16,2932.165,8793.972,3270.187,3553.279,2736.487,608.462,1018.188,1109.837,816.792,-283.091,-526.892,1829.691,1140.37,689.321,2356.583,1938.596,417.987,4021.699,1567.691,872.625,695.066,2454.008
2020Q3,21704.437,14479.206,4911.429,1754.408,3157.021,9567.777,3911.004,3803.32,2852.508,598.569,1121.038,1132.9,950.812,107.683,-687.616,2116.753,1417.097,699.656,2804.369,2360.466,443.903,4001.844,1528.69,879.913,648.777,2473.154
2020Q4,22087.16,14749.812,4958.418,1780.548,3177.871,9791.394,4064.655,3976.028,2938.775,601.282,1161.565,1175.929,1037.253,88.626,-758.111,2277.965,1533.551,744.414,3036.076,2548.498,487.579,4030.804,1541.617,914.888,626.728,2489.187
2021Q1,22680.693,15255.411,5234.444,1911.195,3323.249,10020.967,4058.943,4085.177,3002.811,611.249,1184.076,1207.486,1082.366,-26.234,-789.049,2393.033,1621.849,771.184,3182.082,2673.777,508.305,4155.388,1616.738,906.146,710.591,2538.65
2021Q2,23425.91,16027.569,5544.422,2053.483,3490.939,10483.147,4049.667,4189.217,3078.401,621.757,1209.181,1247.463,1110.816,-139.549,-825.62,2522.815,1720.872,801.944,3348.435,2799.515,548.92,4174.293,1597.377,907.945,689.432,2576.916
2021Q3,23982.379,16380.73,5511.529,1963.191,3548.338,10869.201,4255.263,4243.768,3096.193,629.085,1189.132,1277.975,1147.576,11.495,-873.479,2581.341,1750.397,830.944,3454.82,2839.691,615.129,4219.865,1585.243,908.687,676.556,2634.621
2021Q4,24813.6,16815.018,5707.386,2039.587,3667.799,11107.632,4622.306,4360.531,3171.559,649.398,1202.881,1319.28,1188.973,261.775,-908.785,2777.597,1895.85,881.747,3686.382,3045.431,640.951,4285.062,1618.234,913.601,704.633,2666.827
2022Q1,25250.347,17148.997,5843.304,2083.703,3759.602,11305.692,4814.294,4531.133,3314.956,688.112,1262.651,1364.194,1216.177,283.161,-1049.17,2865.226,1954.624,910.603,3914.397,3248.836,665.561,4336.227,1608.997,905.104,703.893,2727.23
2022Q2,25861.292,17606.575,5980.792,2083.058,3897.734,11625.782,4811.513,4660.921,3438.72,732.715,1292.185,1413.82,1222.2,150.592,-996.17,3093.734,2138.293,955.44,4089.904,3374.607,715.297,4439.375,1622.632,929.002,693.631,2816.743
2022Q3,26336.304,17893.122,5977.748,2088.702,3889.046,11915.374,4812.308,4712.744,3547.608,780.94,1320.649,1446.019,1165.137,99.564,-855.6,3129.075,2141.274,987.801,3984.675,3242.511,742.163,4486.473,1639.05,928.551,710.499,2847.423
2022Q4,26770.514,18111.361,5952.826,2056.255,3896.571,12158.535,4939.217,4747.586,3636.96,818.656,1347.576,1470.728,1110.626,191.632,-850.616,3057.684,2047.141,1010.542,3908.3,3161.605,746.695,4570.552,1691.32,955.728,735.592,2879.232
2023Q1,27216.445,18487.025,6068.387,2141.517,3926.87,12418.638,4883.84,4837.927,3756.575,885.752,1369.42,1501.404,1081.351,45.913,-794.917,3085.516,2062.07,1023.445,3880.433,3129.646,750.787,4640.498,1727.672,975.017,752.656,2912.826
2023Q2,27530.055,18693.128,6079.396,2140.8,3938.595,12613.732,4961.052,4943.466,3854.267,925.187,1411.625,1517.456,1089.199,17.586,-797.486,3016.211,1973.447,1042.764,3813.697,3049.783,763.914,4673.36,1738.797,988.014,750.783,2934.564
2023Q3,28074.846,18961.848,6149.923,2149.053,4000.87,12811.925,5088.8,5006.334,3871.644,931.316,1411.241,1529.087,1134.69,82.466,-765.535,3082.082,2024.832,1057.25,3847.616,3083.982,763.634,4789.733,1784.355,1018.384,765.971,3005.378
2023Q4,28424.722,19190.599,6164.959,2132.802,4032.157,13025.64,5161.154,5092.284,3941.343,964.912,1426.351,1550.08,1150.941,68.87,-788.044,3109.632,2037.082,1072.55,3897.676,3106.863,790.814,4861.013,1811.976,1034.468,777.507,3049.037
2024Q1,28708.161,19443.834,6136.311,2126.327,4009.983,13307.523,5155.029,5139.561,3963.752,946.884,1440.602,1576.267,1175.809,15.467,-822.478,3164.101,2041.043,1123.058,3986.579,3175.726,810.853,4931.777,1834.259,1039.649,794.61,3097.518
2024Q2,29147.044,19756.093,6224.381,2151.86,4072.521,13531.712,5290.171,5192.505,4012.411,941.664,1478.522,1592.226,1180.094,97.666,-894.37,3192.632,2055.919,1136.712,4087.002,3259.942,827.06,4995.15,1867.53,1064.344,803.186,3127.62
2024Q3,29511.664,20032.818,6291.551,2183.934,4107.617,13741.267,5330.249,5246.988,4069.186,934.697,1515.723,1618.766,1177.802,83.262,-938.325,3256.486,2082.1,1174.385,4194.811,3330.863,863.948,5086.922,1917.853,1104.161,813.692,3169.069
2024Q4,29825.182,20351.292,6393.877,2250.218,4143.659,13957.416,5261.83,5244.041,4046.39,915.952,1502.17,1628.269,1197.65,17.789,-938.666,3248.255,2052.899,1195.357,4186.921,3302.708,884.213,5150.725,1949.968,1122.731,827.237,3200.758
2025Q1,30042.113,20554.984,6432.302,2235.819,4196.483,14122.683,5556.216,5344.017,4137.819,911.236,1579.108,1647.475,1206.197,212.2,-1264.604,3293.661,2115.962,1177.698,4558.265,3681.432,876.833,5195.517,1949.728,1116.611,833.117,3245.789
2025Q2,30485.729,20789.926,6471.109,2265.729,4205.38,14318.818,5358.632,5404.422,4207.512,891.279,1625.035,1691.198,1196.91,-45.79,-899.799,3267.506,2081.308,1186.198,4167.305,3279.309,887.995,5236.97,1956.417,1135.765,820.652,3280.552
2025Q3,31095.089,21114.859,6546.681,2277.613,4269.068,14568.178,5418.578,5485.92,4291.558,884.71,1669.856,1736.992,1194.361,-67.342,-761.447,3361.92,2128.809,1233.111,4123.367,3223.143,900.224,5323.099,1988.714,1161.467,827.246,3334.385
